,Time Stamp,Sensor 1,Sensor 2,Sensor 3,Sensor 4,Sensor 5,Sensor 6,Sensor 7,Sensor 8,Sensor 9
0,0.0,"(54.45, 10.35, 49.852)","(35.4, -13.2, 63.646)","(4.5, -17.25, 22.264)","(37.8, 17.25, 55.902)","(30.9, 7.35, 70.422)","(1.8, -5.7, 26.862)","(-3.15, -9.6, 41.624)","(8.7, -8.4, 28.314)","(2.4, -20.1, 35.816)"
1,0.01,"(58.35, 7.8, 52.756)","(35.25, -11.55, 64.614)","(2.4, -18.0, 28.798)","(31.05, 18.15, 57.596)","(30.0, 8.4, 71.874)","(4.35, -6.3, 27.104)","(-2.85, -8.25, 41.866)","(9.6, -7.65, 29.766)","(1.8, -18.75, 34.122)"
2,0.02,"(55.35, 12.75, 45.98)","(36.15, -13.5, 64.614)","(2.55, -11.7, 26.62)","(33.45, 18.6, 59.532)","(33.15, 7.2, 68.486)","(2.7, -4.65, 27.83)","(-3.6, -7.95, 42.834)","(8.25, -10.2, 30.25)","(2.7, -21.15, 35.09)"
3,0.03,"(57.75, 9.45, 45.012)","(34.95, -13.95, 65.34)","(1.8, -14.1, 22.748)","(32.1, 17.1, 66.066)","(30.45, 8.85, 72.842)","(0.45, -4.95, 24.926)","(-1.05, -7.35, 43.56)","(9.15, -8.1, 29.282)","(2.55, -19.65, 33.638)"
4,0.04,"(58.5, 7.95, 44.77)","(37.05, -13.05, 64.614)","(0.6, -16.35, 31.218)","(37.8, 17.4, 60.258)","(30.45, 8.25, 72.116)","(2.25, -6.45, 28.314)","(-2.55, -7.65, 43.56)","(9.15, -9.3, 28.072)","(3.9, -19.8, 33.638)"
5,0.05,"(60.0, 8.4, 46.706)","(36.15, -13.5, 65.098)","(1.05, -19.65, 29.524)","(37.95, 14.4, 61.952)","(30.6, 4.95, 68.486)","(2.1, -6.0, 28.314)","(-3.75, -9.75, 41.14)","(9.6, -9.9, 30.008)","(2.1, -19.2, 32.428)"
6,0.060000000000000005,"(60.3, 11.55, 47.674)","(34.65, -12.15, 64.372)","(1.5, -16.65, 34.848)","(38.25, 11.55, 61.226)","(30.45, 7.05, 70.422)","(3.3, -5.25, 26.62)","(-3.6, -8.7, 42.108)","(9.75, -8.85, 30.976)","(2.1, -19.8, 37.51)"
7,0.07,"(55.05, 9.3, 48.642)","(36.3, -13.5, 63.404)","(2.55, -17.55, 24.926)","(35.85, 15.15, 57.354)","(30.6, 7.35, 71.632)","(1.65, -6.0, 26.862)","(-3.9, -8.4, 43.076)","(8.7, -7.65, 32.186)","(1.65, -22.35, 32.428)"
8,0.08,"(57.45, 9.9, 46.706)","(35.25, -13.65, 65.098)","(1.5, -18.9, 30.492)","(36.6, 16.2, 59.774)","(31.05, 10.65, 71.874)","(2.4, -5.4, 26.862)","(-2.25, -8.55, 42.35)","(10.05, -8.55, 27.588)","(3.9, -19.65, 35.574)"
9,0.09,"(55.8, 9.15, 44.528)","(35.4, -15.15, 65.34)","(0.6, -15.75, 33.88)","(36.0, 13.05, 63.888)","(30.45, 6.15, 68.728)","(0.3, -7.2, 26.378)","(-3.9, -8.55, 41.14)","(9.9, -9.6, 29.524)","(2.1, -20.55, 36.3)"
10,0.09999999999999999,"(58.05, 10.5, 48.642)","(37.35, -12.6, 63.888)","(5.1, -17.85, 25.894)","(35.25, 14.85, 60.742)","(32.7, 6.9, 72.6)","(2.1, -4.05, 23.716)","(-2.85, -7.8, 42.592)","(9.45, -7.5, 27.346)","(1.2, -19.5, 35.332)"
11,0.10999999999999999,"(55.5, 9.6, 48.884)","(35.4, -13.5, 65.098)","(4.65, -19.2, 28.556)","(38.25, 14.4, 56.628)","(31.05, 7.8, 73.084)","(2.7, -6.15, 25.652)","(-3.6, -7.65, 40.172)","(9.45, -10.2, 30.008)","(1.2, -19.35, 31.218)"
12,0.11999999999999998,"(57.15, 6.6, 45.98)","(35.25, -13.5, 65.34)","(1.05, -14.85, 22.748)","(34.2, 15.15, 61.71)","(28.95, 8.25, 73.084)","(0.45, -5.4, 25.894)","(-1.5, -6.9, 42.35)","(8.55, -9.75, 29.282)","(1.8, -18.15, 34.606)"
13,0.12999999999999998,"(55.8, 8.4, 46.948)","(37.05, -13.35, 65.098)","(4.95, -12.3, 34.364)","(37.05, 20.1, 58.08)","(30.9, 7.95, 70.18)","(1.05, -6.0, 26.62)","(-2.1, -7.5, 41.624)","(9.75, -9.6, 31.46)","(3.6, -20.55, 36.784)"
14,0.13999999999999999,"(56.7, 9.75, 45.012)","(36.0, -13.5, 66.55)","(1.35, -17.7, 22.99)","(34.2, 17.25, 59.048)","(28.95, 8.1, 73.084)","(1.8, -5.4, 27.588)","(-1.35, -10.5, 44.044)","(9.6, -9.75, 30.008)","(0.9, -18.15, 34.122)"
15,0.15,"(57.75, 9.6, 43.318)","(35.1, -12.45, 64.614)","(0.75, -16.2, 30.976)","(33.15, 14.55, 61.226)","(31.95, 7.5, 71.148)","(2.85, -6.6, 25.41)","(-1.35, -8.55, 40.898)","(9.0, -9.75, 30.734)","(2.25, -19.8, 31.702)"
16,0.16,"(56.25, 6.3, 43.318)","(35.85, -13.5, 65.34)","(-0.6, -16.65, 31.702)","(35.4, 15.15, 59.048)","(30.75, 6.6, 73.326)","(1.05, -5.25, 26.136)","(-2.7, -9.3, 42.35)","(9.15, -8.7, 30.734)","(2.7, -20.7, 33.396)"
17,0.17,"(57.6, 10.05, 45.496)","(36.0, -13.05, 65.582)","(-0.9, -15.9, 31.218)","(34.5, 17.1, 57.596)","(32.7, 6.0, 69.212)","(1.65, -4.65, 24.684)","(-2.55, -9.0, 41.382)","(8.7, -8.1, 28.072)","(3.15, -19.5, 34.606)"
18,0.18000000000000002,"(56.1, 12.0, 48.884)","(36.6, -13.05, 63.888)","(3.75, -16.35, 26.62)","(39.0, 15.75, 60.016)","(32.25, 9.45, 73.81)","(1.8, -5.85, 28.072)","(-2.7, -8.4, 39.446)","(10.05, -9.75, 30.976)","(1.65, -20.55, 33.396)"
19,0.19000000000000003,"(60.0, 9.15, 46.222)","(35.55, -13.2, 64.614)","(1.05, -16.8, 26.378)","(37.5, 16.8, 56.144)","(30.6, 8.25, 73.084)","(0.9, -5.1, 26.862)","(-2.55, -7.8, 41.866)","(9.3, -8.85, 29.282)","(1.05, -19.95, 33.396)"
20,0.20000000000000004,"(58.8, 7.8, 47.916)","(36.0, -14.1, 64.372)","(5.25, -14.85, 31.46)","(37.65, 13.65, 61.952)","(32.25, 9.75, 67.276)","(1.8, -5.25, 28.798)","(-1.8, -8.55, 39.93)","(9.0, -10.05, 30.008)","(3.3, -19.2, 36.058)"
21,0.21000000000000005,"(56.7, 8.55, 47.432)","(36.3, -13.5, 63.888)","(3.15, -12.9, 25.894)","(36.15, 16.5, 59.29)","(31.05, 11.85, 71.874)","(3.0, -7.5, 25.894)","(-1.8, -9.6, 41.624)","(8.7, -8.1, 33.154)","(3.45, -18.3, 33.638)"
22,0.22000000000000006,"(59.4, 9.6, 50.094)","(35.4, -13.05, 63.404)","(0.75, -17.25, 26.62)","(33.3, 13.5, 58.806)","(30.45, 9.15, 70.664)","(1.8, -7.05, 27.83)","(-1.8, -7.95, 42.592)","(9.45, -10.2, 29.766)","(2.7, -22.05, 34.364)"
23,0.23000000000000007,"(54.6, 9.6, 45.496)","(35.55, -13.35, 66.066)","(3.3, -14.7, 25.652)","(37.95, 12.3, 64.13)","(29.7, 8.4, 69.212)","(2.4, -6.0, 26.378)","(-2.7, -8.55, 42.834)","(9.75, -8.55, 28.072)","(1.5, -19.65, 34.364)"
24,0.24000000000000007,"(55.2, 8.4, 43.318)","(35.4, -12.75, 66.066)","(1.5, -21.9, 23.958)","(33.75, 17.55, 55.418)","(30.6, 6.6, 71.148)","(2.4, -6.3, 26.378)","(-1.8, -8.55, 41.624)","(9.9, -10.05, 26.378)","(2.4, -18.6, 31.218)"
25,0.25000000000000006,"(58.35, 8.4, 47.916)","(35.7, -12.75, 65.824)","(0.0, -17.85, 26.378)","(34.65, 12.6, 59.048)","(32.1, 8.4, 69.938)","(3.6, -4.95, 26.862)","(-2.4, -7.05, 42.35)","(9.0, -8.7, 29.04)","(1.65, -19.35, 34.364)"
26,0.26000000000000006,"(58.95, 8.25, 45.98)","(35.7, -12.9, 64.372)","(1.5, -16.35, 29.282)","(35.85, 17.55, 60.742)","(31.8, 9.0, 70.18)","(1.8, -5.25, 25.168)","(-2.25, -7.95, 42.108)","(9.3, -8.85, 29.524)","(1.35, -18.75, 34.606)"
27,0.2700000000000001,"(56.55, 7.5, 45.98)","(36.45, -13.95, 65.098)","(4.95, -19.65, 34.606)","(36.45, 15.3, 59.532)","(32.25, 4.95, 74.294)","(1.8, -5.1, 25.894)","(-1.05, -10.35, 42.592)","(8.25, -7.5, 29.524)","(2.1, -20.1, 34.848)"
28,0.2800000000000001,"(54.75, 10.2, 48.642)","(35.85, -13.65, 63.888)","(0.15, -13.8, 27.588)","(37.05, 12.3, 61.952)","(32.7, 9.45, 69.454)","(1.05, -5.4, 25.652)","(-2.7, -8.55, 40.172)","(8.85, -8.55, 31.218)","(1.65, -20.55, 31.702)"
29,0.2900000000000001,"(57.9, 10.05, 45.254)","(35.1, -14.55, 66.066)","(-0.45, -15.75, 27.588)","(34.5, 13.5, 56.628)","(29.85, 7.65, 71.148)","(3.6, -5.55, 27.588)","(-3.75, -8.1, 43.076)","(7.8, -9.0, 27.346)","(2.25, -20.4, 32.428)"
30,0.3000000000000001,"(58.65, 10.95, 45.012)","(36.15, -13.35, 63.646)","(6.0, -14.85, 25.894)","(36.0, 13.65, 59.29)","(33.0, 6.6, 74.536)","(1.65, -6.3, 25.894)","(-1.2, -9.6, 39.688)","(10.2, -8.1, 30.25)","(3.6, -19.95, 34.364)"
31,0.3100000000000001,"(57.0, 9.45, 47.674)","(36.0, -12.45, 64.13)","(2.85, -17.25, 31.944)","(40.2, 13.35, 59.048)","(30.45, 6.6, 71.632)","(0.6, -4.65, 26.378)","(-2.7, -8.1, 41.382)","(9.6, -9.75, 29.282)","(1.65, -19.5, 34.606)"
32,0.3200000000000001,"(55.95, 9.6, 50.094)","(35.55, -12.9, 65.824)","(2.7, -16.65, 32.428)","(37.65, 14.55, 52.998)","(30.45, 7.5, 70.422)","(1.8, -5.25, 26.378)","(-1.95, -7.8, 39.93)","(10.65, -9.45, 30.25)","(4.2, -18.9, 32.67)"
33,0.3300000000000001,"(57.75, 10.05, 46.222)","(36.0, -12.6, 64.856)","(-0.75, -18.3, 23.474)","(37.35, 17.55, 60.742)","(29.1, 8.1, 70.422)","(2.25, -6.3, 27.588)","(-2.4, -10.2, 43.076)","(9.15, -7.95, 31.46)","(4.05, -18.75, 32.67)"
34,0.34000000000000014,"(55.8, 5.85, 44.528)","(35.55, -13.05, 65.098)","(1.65, -16.5, 31.944)","(33.3, 17.25, 58.322)","(30.75, 8.25, 70.906)","(1.8, -5.7, 27.83)","(-1.65, -8.25, 41.14)","(10.05, -10.8, 30.492)","(2.85, -20.85, 36.784)"
35,0.35000000000000014,"(56.1, 11.25, 47.674)","(36.0, -13.5, 63.888)","(1.2, -18.3, 28.314)","(34.95, 13.35, 59.774)","(28.95, 8.25, 70.422)","(1.35, -4.95, 26.378)","(-2.7, -7.35, 41.866)","(9.6, -7.8, 29.282)","(3.75, -19.8, 36.058)"
36,0.36000000000000015,"(60.75, 13.2, 49.368)","(35.55, -12.45, 65.34)","(0.6, -16.35, 26.136)","(35.1, 16.05, 61.226)","(29.25, 9.6, 73.084)","(2.25, -5.4, 25.41)","(-2.4, -7.2, 42.35)","(9.0, -9.15, 29.282)","(2.4, -20.1, 35.574)"
37,0.37000000000000016,"(57.75, 8.25, 49.61)","(36.3, -12.9, 65.582)","(1.2, -17.25, 33.638)","(40.65, 16.05, 55.66)","(31.8, 9.15, 73.326)","(1.35, -5.25, 25.41)","(-1.65, -9.3, 42.35)","(11.1, -10.2, 29.524)","(2.4, -20.25, 34.848)"
38,0.38000000000000017,"(55.2, 10.2, 52.03)","(36.3, -13.5, 65.34)","(1.05, -13.95, 34.606)","(32.1, 17.85, 56.87)","(29.55, 9.0, 70.664)","(1.35, -5.7, 29.524)","(-2.25, -9.45, 38.962)","(9.3, -8.85, 25.894)","(3.0, -19.8, 36.784)"
39,0.3900000000000002,"(57.15, 8.1, 40.414)","(35.55, -13.65, 65.098)","(1.2, -17.7, 27.104)","(35.25, 16.35, 58.08)","(29.85, 9.0, 75.262)","(3.15, -4.95, 24.2)","(-2.55, -8.4, 42.834)","(9.9, -9.0, 29.282)","(3.45, -20.4, 34.364)"
40,0.4000000000000002,"(58.05, 7.35, 42.834)","(35.85, -12.9, 65.098)","(2.1, -18.6, 21.78)","(35.25, 14.55, 58.806)","(30.75, 7.65, 73.326)","(1.65, -6.9, 25.652)","(-1.35, -8.55, 41.624)","(8.1, -7.95, 32.67)","(2.4, -18.9, 36.784)"
41,0.4100000000000002,"(56.25, 8.85, 42.108)","(36.0, -13.95, 64.614)","(1.65, -17.7, 27.83)","(32.7, 16.65, 60.258)","(31.5, 10.35, 71.148)","(3.15, -4.8, 24.926)","(-2.7, -9.6, 41.382)","(8.55, -9.15, 29.04)","(2.1, -18.9, 35.816)"
42,0.4200000000000002,"(54.0, 7.65, 47.432)","(36.45, -12.45, 64.13)","(-0.75, -17.4, 30.25)","(38.4, 18.75, 56.144)","(33.0, 7.05, 74.778)","(2.55, -6.3, 26.136)","(-3.15, -7.8, 42.834)","(9.3, -6.45, 31.944)","(1.95, -19.35, 36.3)"
43,0.4300000000000002,"(57.15, 8.7, 44.528)","(36.3, -12.0, 67.276)","(4.2, -15.75, 26.136)","(36.15, 17.4, 52.272)","(30.9, 9.0, 67.76)","(1.5, -6.75, 26.862)","(-2.7, -9.15, 41.382)","(8.85, -10.2, 27.588)","(3.45, -18.6, 32.67)"
44,0.4400000000000002,"(57.45, 7.8, 48.158)","(35.7, -12.75, 64.614)","(1.95, -15.15, 27.346)","(37.05, 14.1, 60.258)","(29.4, 8.55, 71.874)","(2.4, -5.7, 26.136)","(-2.25, -9.45, 42.592)","(8.4, -8.1, 29.04)","(1.5, -19.65, 35.09)"
45,0.45000000000000023,"(56.25, 8.1, 44.77)","(36.0, -13.05, 65.582)","(-0.75, -14.7, 28.798)","(37.8, 16.95, 56.628)","(29.55, 10.2, 71.39)","(1.95, -6.0, 27.83)","(-2.4, -6.75, 42.35)","(9.15, -8.4, 28.556)","(2.25, -19.8, 35.574)"
46,0.46000000000000024,"(57.75, 5.85, 52.03)","(35.85, -12.45, 65.582)","(1.95, -18.75, 28.072)","(34.8, 16.05, 59.29)","(29.85, 7.05, 70.906)","(3.45, -6.3, 27.346)","(-1.65, -8.7, 42.108)","(9.9, -9.15, 30.25)","(1.95, -20.7, 37.026)"
47,0.47000000000000025,"(58.5, 9.45, 53.24)","(36.75, -12.9, 64.614)","(6.6, -16.2, 29.766)","(33.3, 16.2, 54.45)","(30.0, 8.4, 71.148)","(1.2, -5.1, 24.926)","(-3.0, -8.7, 42.592)","(9.75, -8.85, 29.766)","(2.7, -19.2, 34.848)"
48,0.48000000000000026,"(59.7, 5.4, 47.674)","(34.35, -13.8, 66.308)","(4.5, -12.75, 30.734)","(32.1, 15.9, 58.564)","(29.4, 8.25, 71.874)","(1.8, -4.65, 28.556)","(-0.3, -8.1, 41.382)","(10.05, -8.4, 30.008)","(1.5, -19.65, 35.816)"
49,0.49000000000000027,"(56.25, 11.7, 48.4)","(34.8, -11.7, 64.13)","(5.1, -23.25, 29.04)","(34.65, 13.65, 60.984)","(31.2, 8.25, 69.454)","(1.65, -5.85, 25.894)","(-2.85, -9.6, 41.866)","(10.5, -9.15, 29.524)","(2.55, -18.45, 32.912)"
50,0.5000000000000002,"(59.85, 10.5, 51.546)","(35.25, -13.2, 67.518)","(-0.9, -16.8, 26.862)","(35.7, 13.8, 59.048)","(30.9, 7.5, 71.39)","(1.5, -6.45, 26.136)","(-2.85, -8.7, 40.414)","(9.15, -9.45, 29.524)","(2.55, -20.4, 33.154)"
51,0.5100000000000002,"(58.35, 10.8, 49.61)","(35.55, -12.9, 63.646)","(-0.45, -15.15, 31.218)","(37.2, 10.65, 55.902)","(29.7, 10.2, 69.454)","(1.35, -5.85, 24.2)","(-3.3, -7.8, 41.866)","(8.7, -10.5, 31.944)","(3.3, -20.1, 31.944)"
52,0.5200000000000002,"(56.7, 11.25, 44.77)","(35.55, -14.7, 63.404)","(0.9, -12.9, 31.944)","(35.55, 18.6, 60.016)","(28.95, 6.45, 68.728)","(3.0, -5.85, 24.926)","(-1.65, -7.5, 40.656)","(9.3, -9.45, 29.766)","(1.65, -20.55, 33.396)"
53,0.5300000000000002,"(57.3, 8.55, 44.77)","(35.4, -12.75, 67.518)","(4.05, -19.95, 32.186)","(37.65, 13.95, 55.418)","(29.85, 6.75, 69.696)","(1.5, -6.15, 26.136)","(-1.2, -8.1, 41.382)","(7.95, -8.55, 29.04)","(2.1, -20.4, 34.122)"
54,0.5400000000000003,"(54.3, 10.8, 46.706)","(35.4, -12.75, 66.066)","(0.75, -18.0, 25.652)","(34.95, 16.65, 59.774)","(32.55, 8.55, 70.906)","(2.1, -6.6, 26.378)","(-2.1, -6.0, 43.56)","(9.6, -9.15, 28.072)","(2.1, -19.2, 34.122)"
55,0.5500000000000003,"(56.55, 8.85, 49.368)","(36.3, -13.5, 65.098)","(-2.4, -16.35, 27.588)","(34.5, 15.3, 52.998)","(29.55, 6.75, 73.568)","(1.5, -5.55, 26.62)","(-2.7, -6.3, 41.624)","(9.3, -7.5, 30.734)","(3.15, -20.7, 34.364)"
56,0.5600000000000003,"(58.35, 7.35, 46.948)","(36.0, -13.2, 64.13)","(2.7, -16.2, 26.62)","(34.8, 14.1, 60.742)","(29.1, 9.6, 70.422)","(1.05, -6.45, 25.652)","(-1.8, -9.45, 40.172)","(10.65, -9.9, 29.04)","(1.95, -20.4, 35.332)"
57,0.5700000000000003,"(55.95, 12.0, 48.642)","(35.1, -11.85, 64.614)","(2.25, -16.95, 30.976)","(40.2, 16.8, 54.692)","(32.55, 6.15, 71.39)","(2.25, -7.2, 26.62)","(-2.1, -9.15, 42.35)","(8.25, -10.95, 30.734)","(2.55, -20.1, 33.88)"
58,0.5800000000000003,"(56.85, 8.25, 48.4)","(35.25, -13.35, 65.824)","(0.75, -17.7, 23.232)","(32.85, 14.25, 62.436)","(29.7, 8.4, 69.212)","(1.35, -4.95, 26.136)","(-2.7, -9.0, 40.414)","(10.65, -7.8, 29.524)","(2.55, -19.65, 32.912)"
59,0.5900000000000003,"(55.2, 9.15, 49.126)","(35.4, -13.5, 65.34)","(3.15, -17.7, 26.862)","(32.25, 14.85, 55.902)","(30.3, 7.35, 72.842)","(0.75, -5.1, 28.556)","(-3.0, -7.2, 41.14)","(9.75, -8.7, 29.524)","(2.4, -18.3, 33.638)"
60,0.6000000000000003,"(60.0, 9.6, 50.82)","(34.8, -13.65, 62.92)","(6.9, -18.15, 26.862)","(34.5, 14.1, 58.08)","(31.35, 7.5, 74.536)","(2.1, -5.55, 27.104)","(-4.05, -8.7, 41.866)","(9.0, -8.25, 31.218)","(1.35, -20.1, 36.3)"
61,0.6100000000000003,"(58.65, 9.3, 45.496)","(35.25, -14.55, 65.824)","(-2.4, -19.35, 30.008)","(31.5, 13.05, 52.756)","(28.65, 6.0, 71.632)","(3.0, -7.35, 27.588)","(-3.15, -8.55, 42.834)","(8.4, -7.05, 29.524)","(1.65, -19.5, 33.88)"
62,0.6200000000000003,"(59.55, 9.15, 45.496)","(35.55, -13.2, 65.582)","(1.35, -16.35, 30.976)","(35.85, 17.4, 60.984)","(31.8, 7.8, 71.874)","(1.95, -4.95, 26.378)","(-1.8, -8.25, 41.382)","(9.45, -10.8, 29.766)","(1.8, -19.05, 35.09)"
63,0.6300000000000003,"(53.7, 7.95, 47.19)","(35.7, -13.05, 67.034)","(3.6, -20.25, 23.958)","(36.3, 17.1, 61.952)","(32.1, 5.4, 73.326)","(1.05, -5.55, 25.41)","(-1.95, -8.4, 39.93)","(8.85, -9.3, 30.976)","(2.4, -20.55, 34.606)"
64,0.6400000000000003,"(59.55, 9.3, 48.642)","(35.55, -14.55, 65.34)","(3.45, -15.75, 30.734)","(34.95, 15.15, 54.45)","(31.65, 7.2, 69.212)","(1.95, -5.7, 26.862)","(-3.45, -8.55, 42.35)","(8.4, -8.25, 28.072)","(3.0, -18.75, 35.09)"
65,0.6500000000000004,"(53.85, 12.0, 47.916)","(36.0, -13.65, 66.792)","(7.8, -18.0, 25.168)","(32.4, 14.4, 59.29)","(30.9, 6.6, 73.084)","(1.2, -6.15, 26.136)","(-2.1, -7.65, 38.962)","(9.15, -8.7, 29.524)","(1.65, -18.3, 32.428)"
66,0.6600000000000004,"(57.6, 8.25, 49.61)","(36.45, -12.45, 65.824)","(4.05, -15.6, 28.556)","(34.65, 16.5, 57.112)","(30.9, 7.35, 73.568)","(0.9, -5.55, 27.346)","(-1.5, -7.95, 43.076)","(10.95, -9.6, 28.798)","(4.05, -19.35, 33.88)"
67,0.6700000000000004,"(58.65, 9.75, 38.962)","(34.65, -13.95, 64.13)","(3.6, -14.25, 24.684)","(35.85, 12.45, 59.774)","(29.85, 7.05, 67.518)","(1.95, -5.55, 27.83)","(-2.4, -8.55, 40.414)","(7.8, -8.1, 31.944)","(0.6, -21.6, 35.574)"
68,0.6800000000000004,"(57.45, 8.7, 47.432)","(34.35, -14.1, 63.162)","(0.45, -17.7, 24.442)","(37.65, 16.5, 58.08)","(29.25, 10.2, 73.084)","(1.2, -5.4, 24.684)","(-1.5, -7.35, 39.93)","(10.05, -9.0, 29.282)","(1.8, -19.5, 34.364)"
69,0.6900000000000004,"(58.95, 8.85, 46.948)","(34.95, -13.5, 64.856)","(0.15, -14.55, 33.88)","(33.15, 14.4, 57.596)","(31.5, 7.95, 73.81)","(2.25, -5.4, 25.168)","(-2.85, -9.0, 40.414)","(9.15, -8.7, 30.492)","(1.65, -19.95, 33.396)"
70,0.7000000000000004,"(59.1, 12.75, 45.496)","(34.95, -13.65, 66.066)","(0.9, -11.7, 36.542)","(35.25, 12.75, 53.966)","(31.65, 8.7, 71.632)","(3.0, -6.75, 27.104)","(-2.55, -7.95, 40.656)","(9.9, -8.55, 30.976)","(1.35, -20.1, 33.88)"
71,0.7100000000000004,"(52.65, 7.8, 44.528)","(36.9, -14.1, 66.55)","(4.2, -12.6, 27.346)","(34.8, 13.65, 58.564)","(30.75, 7.8, 72.842)","(2.1, -5.1, 26.862)","(-1.35, -7.35, 41.14)","(9.3, -8.1, 28.072)","(2.1, -19.05, 35.332)"
72,0.7200000000000004,"(58.05, 8.25, 44.286)","(36.45, -12.6, 64.856)","(2.4, -18.6, 33.154)","(34.8, 15.0, 58.322)","(31.5, 8.55, 69.938)","(1.8, -6.45, 27.588)","(-0.9, -7.5, 41.866)","(8.4, -8.4, 29.04)","(2.7, -18.75, 32.186)"
73,0.7300000000000004,"(55.65, 9.3, 46.706)","(35.55, -13.5, 65.34)","(5.1, -17.1, 31.46)","(34.95, 14.55, 54.934)","(31.95, 5.7, 68.97)","(1.65, -6.9, 24.926)","(-2.4, -8.55, 39.446)","(9.15, -9.15, 31.702)","(2.55, -19.2, 34.122)"
74,0.7400000000000004,"(60.75, 7.65, 47.19)","(36.45, -13.05, 64.372)","(3.75, -20.1, 32.67)","(35.25, 18.15, 61.952)","(28.5, 9.3, 68.486)","(1.65, -6.75, 25.894)","(-2.1, -8.25, 43.318)","(9.3, -8.4, 29.524)","(1.95, -18.75, 33.154)"
75,0.7500000000000004,"(56.4, 7.35, 49.61)","(34.8, -13.8, 65.582)","(4.5, -21.45, 26.862)","(35.4, 13.35, 58.564)","(30.45, 6.75, 70.422)","(3.15, -4.35, 26.862)","(-1.65, -8.25, 43.076)","(8.85, -9.6, 30.008)","(0.9, -19.2, 36.058)"
76,0.7600000000000005,"(58.5, 7.65, 50.82)","(35.25, -13.35, 64.372)","(1.5, -13.95, 26.136)","(35.55, 15.6, 58.322)","(30.9, 7.5, 72.6)","(3.3, -5.85, 29.524)","(-2.85, -8.7, 40.414)","(10.5, -8.55, 27.83)","(1.05, -18.15, 30.976)"
77,0.7700000000000005,"(57.3, 10.05, 46.706)","(36.15, -13.8, 65.824)","(2.85, -15.15, 31.944)","(36.75, 12.45, 54.208)","(30.6, 6.3, 69.938)","(2.85, -6.15, 28.314)","(-2.85, -8.1, 40.414)","(9.9, -7.5, 28.798)","(3.3, -20.85, 35.574)"
78,0.7800000000000005,"(56.55, 11.7, 47.432)","(35.1, -13.65, 65.098)","(2.25, -17.7, 31.218)","(35.4, 15.6, 60.984)","(31.05, 7.05, 70.422)","(1.95, -4.5, 28.072)","(-3.15, -8.1, 41.382)","(9.0, -9.6, 29.766)","(3.3, -20.1, 31.944)"
79,0.7900000000000005,"(61.5, 9.6, 48.4)","(35.55, -12.15, 65.098)","(6.6, -18.0, 23.716)","(37.5, 19.8, 64.614)","(34.05, 7.2, 70.422)","(1.95, -4.65, 25.168)","(-3.9, -7.35, 42.592)","(8.7, -10.2, 29.766)","(3.45, -19.2, 36.3)"
80,0.8000000000000005,"(53.4, 7.95, 47.674)","(36.3, -13.8, 64.13)","(2.1, -15.75, 30.492)","(33.45, 14.1, 59.774)","(30.3, 8.85, 72.842)","(1.8, -6.9, 29.04)","(-3.6, -7.65, 40.898)","(7.35, -9.15, 30.25)","(3.15, -20.1, 32.67)"
81,0.8100000000000005,"(57.3, 10.95, 49.852)","(34.5, -13.05, 65.582)","(0.0, -14.4, 26.378)","(28.95, 14.55, 56.144)","(29.55, 7.8, 71.39)","(1.65, -6.0, 27.588)","(-2.4, -8.25, 42.108)","(10.2, -9.0, 30.008)","(1.95, -19.65, 34.364)"
82,0.8200000000000005,"(58.05, 10.8, 45.254)","(36.15, -13.35, 63.888)","(1.5, -17.1, 25.652)","(37.35, 17.7, 60.742)","(32.55, 10.5, 70.664)","(2.1, -5.4, 24.684)","(-1.8, -9.0, 41.866)","(8.7, -10.05, 30.25)","(1.95, -19.5, 30.976)"
83,0.8300000000000005,"(56.1, 8.1, 49.126)","(36.0, -12.45, 64.856)","(1.95, -15.75, 32.67)","(37.95, 18.3, 58.08)","(28.95, 7.8, 71.874)","(1.65, -5.7, 28.314)","(-3.75, -8.4, 41.14)","(8.1, -9.15, 30.008)","(2.85, -19.65, 34.364)"
84,0.8400000000000005,"(56.4, 8.85, 45.738)","(36.45, -13.5, 64.372)","(7.2, -16.65, 30.492)","(35.85, 13.8, 57.112)","(30.45, 7.8, 68.97)","(1.5, -4.95, 25.652)","(-3.3, -7.8, 43.318)","(9.3, -9.0, 29.766)","(3.45, -18.6, 36.3)"
85,0.8500000000000005,"(58.5, 7.5, 46.948)","(34.95, -12.9, 65.34)","(1.35, -17.7, 28.556)","(31.8, 17.7, 58.322)","(32.7, 8.7, 71.148)","(1.2, -5.85, 25.894)","(-1.95, -9.15, 42.35)","(9.45, -10.5, 31.702)","(2.4, -20.1, 32.428)"
86,0.8600000000000005,"(55.95, 6.9, 42.35)","(36.6, -14.55, 66.308)","(5.85, -13.95, 37.026)","(35.25, 16.65, 58.322)","(29.55, 9.45, 70.664)","(2.4, -5.25, 27.104)","(-2.4, -9.0, 43.56)","(9.0, -9.3, 29.282)","(3.15, -19.95, 32.67)"
87,0.8700000000000006,"(56.55, 6.15, 50.094)","(35.55, -13.05, 64.13)","(1.8, -19.5, 26.62)","(33.15, 14.55, 59.532)","(32.25, 7.05, 69.938)","(1.05, -4.65, 29.282)","(-2.25, -8.25, 40.414)","(8.7, -9.6, 33.154)","(4.05, -20.25, 32.912)"
88,0.8800000000000006,"(57.15, 9.9, 50.336)","(35.25, -12.9, 63.888)","(2.7, -14.55, 29.282)","(36.45, 15.75, 53.966)","(30.15, 8.25, 69.454)","(2.1, -3.0, 28.072)","(-2.25, -7.95, 40.898)","(10.05, -10.05, 28.556)","(3.9, -19.95, 34.848)"
89,0.8900000000000006,"(58.8, 11.7, 45.012)","(36.3, -13.65, 64.372)","(4.35, -20.1, 23.958)","(33.0, 17.4, 58.806)","(30.45, 7.65, 69.212)","(1.95, -7.05, 26.62)","(-3.9, -8.7, 40.656)","(10.35, -9.0, 30.492)","(3.0, -19.2, 35.574)"
90,0.9000000000000006,"(55.8, 10.35, 45.98)","(35.1, -13.5, 64.372)","(0.45, -18.0, 30.734)","(37.8, 16.65, 59.048)","(31.95, 5.85, 70.664)","(4.35, -4.5, 28.072)","(-3.45, -9.0, 39.446)","(9.75, -8.7, 29.524)","(2.85, -18.6, 33.396)"
91,0.9100000000000006,"(60.0, 7.2, 43.802)","(36.3, -13.95, 65.824)","(0.6, -18.3, 31.702)","(36.15, 16.5, 55.902)","(31.5, 7.65, 68.244)","(2.85, -6.9, 25.41)","(-2.55, -7.8, 41.14)","(10.05, -9.3, 31.46)","(1.8, -19.05, 34.122)"
92,0.9200000000000006,"(56.85, 7.95, 43.802)","(36.6, -12.6, 65.582)","(1.8, -13.5, 32.428)","(34.35, 12.45, 55.176)","(32.7, 7.05, 73.084)","(1.8, -4.2, 26.378)","(-1.5, -8.4, 41.14)","(8.55, -9.45, 27.588)","(3.0, -20.4, 33.638)"
93,0.9300000000000006,"(56.85, 9.15, 47.432)","(36.0, -13.5, 65.098)","(3.45, -15.15, 29.766)","(35.85, 15.9, 64.372)","(30.6, 6.6, 69.938)","(1.65, -5.25, 25.168)","(-2.7, -8.55, 43.318)","(8.55, -8.85, 30.008)","(3.75, -19.8, 33.88)"
94,0.9400000000000006,"(54.75, 5.55, 48.4)","(35.4, -13.05, 65.582)","(1.35, -16.2, 36.784)","(31.5, 16.35, 61.468)","(28.95, 8.4, 72.358)","(1.65, -6.3, 26.862)","(-3.9, -7.65, 41.624)","(8.4, -8.55, 30.734)","(1.95, -17.7, 34.848)"
95,0.9500000000000006,"(57.75, 10.35, 44.77)","(36.3, -14.25, 66.55)","(1.5, -19.5, 28.314)","(36.45, 15.3, 53.966)","(31.2, 7.65, 68.97)","(3.15, -4.95, 28.314)","(-2.7, -8.1, 43.318)","(8.55, -9.3, 28.314)","(3.0, -18.9, 33.396)"
96,0.9600000000000006,"(57.3, 8.25, 47.674)","(36.15, -12.6, 65.824)","(0.15, -19.2, 25.894)","(31.35, 15.45, 58.806)","(29.4, 6.9, 69.938)","(3.75, -5.4, 24.926)","(-2.55, -8.55, 42.35)","(10.65, -9.15, 30.25)","(1.8, -20.7, 38.478)"
97,0.9700000000000006,"(57.45, 10.5, 49.126)","(35.4, -14.25, 64.13)","(1.2, -15.3, 24.2)","(33.15, 12.15, 56.144)","(30.75, 9.0, 72.358)","(1.95, -5.55, 25.894)","(-1.8, -7.2, 42.35)","(9.9, -8.85, 29.282)","(2.85, -19.8, 34.122)"
98,0.9800000000000006,"(58.65, 9.45, 50.578)","(35.25, -13.95, 63.646)","(1.05, -17.85, 25.894)","(33.75, 17.7, 57.596)","(30.45, 7.95, 70.664)","(2.1, -5.4, 27.588)","(-2.85, -6.75, 42.108)","(10.05, -8.25, 30.008)","(2.7, -19.2, 32.912)"
99,0.9900000000000007,"(57.3, 6.45, 42.834)","(35.1, -12.75, 64.13)","(2.25, -16.8, 30.008)","(35.1, 13.2, 56.628)","(29.55, 10.35, 75.262)","(3.6, -5.7, 26.862)","(-3.45, -7.65, 42.35)","(9.9, -9.45, 28.556)","(2.55, -21.15, 33.88)"
100,1.0000000000000007,"(57.15, 8.4, 44.044)","(36.15, -12.6, 63.162)","(0.15, -17.25, 30.25)","(37.8, 13.5, 63.646)","(32.55, 7.95, 68.97)","(1.2, -4.8, 28.314)","(-3.0, -8.25, 44.528)","(9.75, -8.7, 28.798)","(3.45, -18.6, 34.848)"
101,1.0100000000000007,"(54.75, 12.6, 44.286)","(35.1, -13.8, 64.856)","(2.25, -15.9, 23.474)","(35.85, 14.1, 60.5)","(29.25, 6.75, 71.39)","(3.45, -4.8, 24.684)","(-3.3, -8.55, 43.076)","(9.75, -10.35, 29.766)","(1.8, -20.4, 33.88)"
102,1.0200000000000007,"(57.75, 9.0, 45.012)","(34.8, -14.25, 63.888)","(0.3, -14.4, 34.606)","(32.4, 15.3, 51.304)","(31.05, 7.5, 69.454)","(1.8, -6.75, 27.346)","(-3.75, -9.15, 42.108)","(8.85, -8.85, 30.492)","(3.3, -19.2, 32.67)"
103,1.0300000000000007,"(56.85, 10.95, 54.934)","(34.8, -13.65, 64.13)","(-3.3, -18.45, 30.976)","(32.25, 13.65, 52.998)","(33.15, 7.95, 72.842)","(0.9, -5.4, 24.684)","(-2.85, -10.95, 39.688)","(8.25, -7.95, 27.83)","(1.5, -19.35, 36.3)"
104,1.0400000000000007,"(54.6, 12.6, 48.4)","(36.0, -12.3, 63.646)","(5.7, -19.95, 25.894)","(33.75, 16.2, 62.92)","(32.25, 8.25, 72.358)","(1.2, -7.5, 26.62)","(-2.25, -7.65, 42.592)","(9.6, -7.5, 31.46)","(1.35, -20.1, 36.784)"
105,1.0500000000000007,"(57.9, 11.1, 47.916)","(35.55, -14.25, 65.824)","(-0.3, -14.7, 20.086)","(39.0, 18.0, 59.29)","(33.15, 7.95, 69.696)","(2.55, -4.95, 27.588)","(-3.45, -9.75, 42.834)","(9.9, -9.0, 30.008)","(1.5, -19.65, 34.122)"
106,1.0600000000000007,"(58.5, 11.25, 42.834)","(35.1, -13.8, 65.824)","(2.1, -15.75, 31.702)","(36.45, 14.7, 51.546)","(32.7, 10.8, 74.778)","(1.95, -4.8, 27.104)","(-2.4, -9.9, 39.93)","(8.55, -8.4, 26.378)","(2.1, -20.4, 35.816)"
107,1.0700000000000007,"(60.6, 9.9, 46.222)","(36.0, -12.75, 64.614)","(2.55, -15.0, 30.492)","(35.7, 11.85, 60.016)","(31.95, 10.35, 70.664)","(0.15, -5.1, 27.346)","(-1.65, -7.2, 42.108)","(9.15, -9.75, 29.04)","(2.7, -20.25, 34.606)"
108,1.0800000000000007,"(55.65, 9.15, 45.98)","(35.25, -14.1, 66.066)","(0.6, -18.15, 33.154)","(31.65, 17.25, 55.176)","(29.55, 8.4, 71.632)","(3.9, -6.15, 24.442)","(-1.35, -7.65, 39.688)","(8.55, -7.2, 29.282)","(1.65, -19.95, 35.09)"
109,1.0900000000000007,"(54.75, 7.8, 43.318)","(35.1, -13.95, 64.856)","(-1.65, -14.55, 24.442)","(35.55, 16.35, 56.386)","(31.35, 8.25, 73.326)","(0.45, -5.25, 28.556)","(-2.85, -8.55, 42.35)","(9.3, -9.3, 29.04)","(2.4, -18.75, 33.396)"
110,1.1000000000000008,"(59.85, 8.7, 44.044)","(34.95, -11.7, 66.308)","(1.5, -16.05, 26.378)","(36.15, 13.8, 57.596)","(28.8, 8.7, 72.842)","(1.95, -7.5, 26.378)","(-2.1, -9.3, 41.14)","(9.15, -8.85, 31.702)","(2.4, -19.35, 33.396)"
111,1.1100000000000008,"(54.9, 8.25, 44.286)","(34.35, -13.5, 65.098)","(2.7, -15.75, 27.104)","(34.5, 16.95, 59.048)","(32.55, 6.75, 70.664)","(2.1, -6.45, 27.83)","(-2.55, -9.6, 42.108)","(9.75, -8.55, 29.282)","(2.1, -18.75, 35.574)"
112,1.1200000000000008,"(54.75, 10.05, 47.19)","(35.25, -13.05, 65.582)","(4.95, -15.75, 25.652)","(32.7, 14.25, 58.08)","(31.65, 9.0, 69.938)","(1.05, -4.8, 25.168)","(-1.95, -8.85, 43.56)","(9.0, -9.3, 30.008)","(0.9, -21.0, 35.09)"
113,1.1300000000000008,"(59.25, 9.45, 46.464)","(34.8, -13.65, 64.614)","(3.15, -16.35, 25.894)","(34.95, 16.05, 55.176)","(31.95, 8.25, 70.906)","(0.6, -4.5, 26.378)","(-1.95, -9.3, 41.382)","(9.0, -7.05, 29.766)","(2.4, -19.65, 34.364)"
114,1.1400000000000008,"(57.9, 10.35, 45.012)","(35.1, -13.5, 66.308)","(1.05, -20.85, 29.282)","(34.2, 13.05, 62.436)","(29.25, 9.15, 70.422)","(1.8, -7.2, 25.168)","(-1.8, -6.45, 42.108)","(9.3, -8.25, 29.04)","(2.25, -19.8, 31.702)"
115,1.1500000000000008,"(56.1, 10.5, 46.706)","(36.0, -13.8, 65.34)","(1.5, -11.7, 22.99)","(35.85, 14.55, 59.29)","(30.3, 8.1, 73.81)","(1.95, -5.1, 26.378)","(-1.2, -9.45, 42.592)","(10.05, -8.55, 28.314)","(2.85, -19.5, 34.848)"
116,1.1600000000000008,"(58.05, 11.85, 50.82)","(36.3, -11.85, 65.098)","(3.75, -19.8, 29.766)","(36.75, 15.45, 55.902)","(29.25, 4.65, 72.116)","(0.0, -6.45, 26.62)","(-3.0, -9.0, 39.93)","(8.85, -8.7, 29.766)","(3.0, -19.8, 36.784)"
117,1.1700000000000008,"(54.9, 11.25, 48.158)","(34.5, -14.55, 64.614)","(2.55, -18.0, 28.314)","(36.45, 14.25, 63.404)","(30.45, 8.1, 74.052)","(2.25, -6.45, 25.41)","(-2.1, -8.4, 41.14)","(7.8, -9.15, 30.492)","(3.0, -19.05, 32.428)"
118,1.1800000000000008,"(54.9, 9.0, 52.03)","(35.25, -13.35, 64.856)","(1.35, -20.25, 33.88)","(34.65, 15.9, 54.208)","(29.7, 6.6, 70.906)","(2.4, -5.55, 27.588)","(-2.7, -8.55, 41.624)","(9.45, -9.9, 27.83)","(2.7, -19.35, 36.058)"
119,1.1900000000000008,"(56.4, 9.45, 44.286)","(35.55, -14.4, 66.066)","(5.1, -19.2, 25.168)","(33.6, 13.5, 54.934)","(31.65, 7.65, 68.728)","(0.9, -5.7, 27.104)","(-2.4, -8.4, 41.14)","(10.35, -9.75, 29.766)","(3.15, -21.3, 34.606)"
120,1.2000000000000008,"(57.75, 9.45, 47.432)","(34.8, -13.65, 65.582)","(10.05, -18.45, 29.282)","(34.05, 18.0, 53.966)","(31.8, 9.0, 68.486)","(1.8, -6.15, 24.684)","(-1.65, -7.5, 41.866)","(9.15, -9.0, 30.25)","(1.35, -20.7, 35.574)"
121,1.2100000000000009,"(57.0, 8.7, 42.834)","(35.25, -13.35, 63.646)","(6.45, -17.4, 28.556)","(34.2, 12.75, 57.112)","(29.1, 8.1, 74.294)","(1.2, -5.25, 26.136)","(-2.4, -8.1, 43.318)","(9.9, -10.95, 27.83)","(2.4, -19.35, 34.848)"
122,1.2200000000000009,"(60.3, 10.8, 45.738)","(36.0, -14.1, 64.13)","(2.55, -17.85, 27.83)","(33.6, 15.0, 59.774)","(30.3, 10.8, 70.18)","(2.7, -4.35, 27.346)","(-0.75, -7.2, 44.044)","(9.75, -10.5, 28.556)","(2.1, -21.45, 33.638)"
123,1.2300000000000009,"(60.9, 8.55, 48.884)","(35.7, -14.55, 65.824)","(-0.9, -19.5, 25.652)","(36.6, 12.75, 56.386)","(29.4, 7.8, 72.358)","(1.05, -4.95, 25.168)","(-3.3, -7.95, 44.044)","(7.8, -8.55, 30.734)","(2.4, -22.35, 32.428)"
124,1.2400000000000009,"(55.95, 10.65, 48.884)","(34.95, -13.8, 65.582)","(-0.3, -17.7, 34.848)","(37.65, 17.55, 54.692)","(31.5, 8.1, 70.906)","(2.1, -5.7, 27.104)","(-2.1, -6.9, 42.834)","(9.3, -9.15, 29.766)","(2.1, -19.95, 35.332)"
125,1.2500000000000009,"(58.05, 12.3, 47.19)","(36.0, -12.0, 63.888)","(2.1, -13.35, 30.008)","(36.3, 13.5, 55.176)","(30.0, 7.8, 70.664)","(2.55, -6.0, 27.83)","(-1.8, -8.4, 40.898)","(9.6, -9.6, 28.798)","(3.45, -20.4, 32.186)"
126,1.260000000000001,"(55.05, 9.3, 42.834)","(35.55, -13.05, 64.614)","(2.1, -19.35, 32.67)","(34.65, 13.05, 57.838)","(29.25, 8.25, 70.664)","(1.8, -4.35, 25.652)","(-2.25, -7.95, 43.318)","(8.4, -9.45, 29.766)","(3.6, -20.85, 35.09)"
127,1.270000000000001,"(58.05, 6.15, 43.56)","(35.1, -13.35, 64.13)","(4.05, -17.85, 31.218)","(33.9, 18.0, 59.532)","(31.8, 9.0, 70.906)","(2.4, -6.75, 25.41)","(-2.7, -7.35, 41.14)","(9.3, -8.4, 29.282)","(2.7, -19.8, 33.154)"
128,1.280000000000001,"(60.15, 8.4, 48.884)","(35.7, -13.05, 66.308)","(5.4, -18.0, 29.04)","(30.45, 17.1, 53.24)","(28.95, 8.1, 70.906)","(1.8, -5.4, 27.588)","(-3.15, -8.4, 41.866)","(8.25, -9.75, 28.556)","(2.1, -19.8, 33.638)"
129,1.290000000000001,"(53.4, 11.55, 43.318)","(36.15, -13.2, 66.792)","(1.95, -17.1, 28.072)","(34.5, 14.7, 58.564)","(32.1, 8.1, 69.454)","(1.5, -4.8, 27.346)","(-2.25, -6.45, 43.076)","(9.15, -9.75, 30.008)","(2.4, -19.05, 36.542)"
130,1.300000000000001,"(60.45, 10.65, 45.012)","(35.25, -13.95, 65.34)","(1.5, -16.8, 28.072)","(34.35, 14.1, 60.258)","(30.0, 9.45, 68.002)","(1.65, -5.25, 26.136)","(-2.1, -8.7, 39.93)","(11.7, -9.0, 29.282)","(2.4, -19.8, 35.574)"
131,1.310000000000001,"(57.0, 7.95, 50.336)","(35.55, -14.25, 63.646)","(4.95, -15.45, 33.396)","(34.5, 15.15, 59.774)","(29.7, 7.5, 72.116)","(1.5, -6.75, 26.62)","(-4.05, -7.8, 42.834)","(10.5, -8.55, 29.766)","(1.2, -21.15, 33.396)"
132,1.320000000000001,"(58.95, 7.2, 42.35)","(36.15, -13.05, 65.582)","(4.05, -18.45, 32.428)","(36.75, 16.2, 58.08)","(28.2, 8.25, 73.81)","(2.25, -4.8, 25.894)","(-2.25, -7.2, 41.382)","(8.7, -8.7, 32.428)","(3.45, -20.1, 34.606)"
133,1.330000000000001,"(57.0, 9.3, 46.222)","(35.85, -13.8, 65.098)","(0.0, -21.3, 27.588)","(35.85, 12.15, 60.258)","(31.5, 10.65, 70.664)","(1.65, -6.15, 26.62)","(-2.85, -7.95, 43.56)","(9.9, -7.95, 29.524)","(3.3, -20.55, 33.154)"
134,1.340000000000001,"(60.9, 10.5, 48.158)","(34.8, -13.35, 65.098)","(3.6, -19.65, 25.652)","(37.05, 18.15, 59.532)","(32.4, 6.0, 70.18)","(0.75, -6.0, 28.072)","(-1.65, -9.15, 41.382)","(10.35, -9.15, 31.702)","(2.25, -17.7, 31.944)"
135,1.350000000000001,"(53.85, 8.25, 44.77)","(34.8, -13.05, 66.066)","(-2.85, -22.95, 25.168)","(35.7, 15.9, 61.468)","(31.65, 7.8, 70.664)","(1.2, -5.4, 27.346)","(-1.8, -8.25, 39.93)","(8.4, -9.3, 28.556)","(1.8, -21.0, 36.3)"
136,1.360000000000001,"(57.3, 9.9, 45.738)","(35.25, -13.35, 65.34)","(3.75, -14.4, 34.364)","(35.85, 17.4, 60.016)","(31.5, 7.95, 68.244)","(2.55, -4.95, 28.072)","(-2.85, -7.2, 43.802)","(8.85, -8.85, 28.556)","(2.1, -19.2, 35.332)"
137,1.370000000000001,"(58.65, 11.7, 44.286)","(35.1, -13.5, 64.856)","(-2.7, -18.75, 32.67)","(32.7, 13.8, 57.354)","(32.4, 7.2, 71.148)","(1.5, -6.0, 25.41)","(-1.5, -9.3, 42.592)","(7.95, -8.25, 31.944)","(1.2, -19.5, 35.332)"
138,1.380000000000001,"(59.25, 6.45, 48.4)","(35.4, -13.35, 63.646)","(1.65, -19.2, 34.122)","(33.45, 14.7, 56.386)","(28.2, 10.2, 69.454)","(1.2, -6.15, 25.894)","(-0.9, -8.25, 41.866)","(9.6, -9.3, 29.766)","(3.15, -20.4, 36.058)"
139,1.390000000000001,"(56.4, 7.8, 48.642)","(36.0, -13.35, 64.614)","(1.5, -18.15, 30.734)","(34.05, 18.75, 59.048)","(30.75, 6.3, 70.422)","(2.4, -6.0, 25.652)","(-2.55, -7.65, 39.204)","(9.15, -9.0, 30.976)","(3.45, -19.8, 37.268)"
140,1.400000000000001,"(56.1, 9.9, 46.222)","(35.55, -14.25, 67.518)","(4.05, -19.35, 25.894)","(32.7, 10.5, 61.468)","(30.3, 6.0, 70.906)","(1.05, -6.15, 23.474)","(-2.85, -9.15, 39.93)","(9.0, -8.1, 29.04)","(0.75, -19.5, 37.51)"
141,1.410000000000001,"(57.15, 9.0, 47.674)","(34.5, -12.9, 65.098)","(0.75, -15.0, 34.122)","(33.0, 14.4, 58.08)","(30.6, 7.8, 72.358)","(2.7, -4.8, 25.652)","(-2.55, -9.3, 41.382)","(8.55, -10.05, 30.492)","(1.8, -19.8, 34.848)"
142,1.420000000000001,"(58.35, 10.5, 49.126)","(35.85, -14.4, 65.582)","(4.05, -20.4, 30.25)","(35.7, 15.75, 53.724)","(32.25, 9.9, 69.696)","(3.0, -5.7, 28.072)","(-2.25, -7.65, 41.624)","(8.1, -8.55, 27.588)","(2.4, -19.8, 32.912)"
143,1.430000000000001,"(56.7, 8.7, 44.286)","(35.7, -12.6, 64.13)","(2.85, -18.15, 31.702)","(33.6, 16.95, 56.628)","(32.4, 7.2, 72.6)","(2.55, -4.65, 25.894)","(-3.3, -7.8, 43.076)","(9.45, -9.75, 29.524)","(1.5, -20.1, 31.46)"
144,1.440000000000001,"(59.85, 9.0, 46.706)","(34.35, -13.95, 63.888)","(3.45, -13.2, 27.104)","(35.25, 14.4, 54.208)","(28.8, 7.95, 71.874)","(2.4, -4.95, 25.41)","(-1.35, -8.1, 41.624)","(8.1, -7.95, 31.218)","(1.2, -19.65, 36.3)"
145,1.450000000000001,"(56.1, 8.1, 46.464)","(34.95, -13.5, 66.308)","(4.8, -20.1, 24.2)","(32.25, 17.1, 60.742)","(28.65, 8.7, 74.294)","(3.45, -4.95, 26.378)","(-3.0, -8.4, 40.656)","(7.95, -9.45, 28.798)","(2.1, -19.95, 34.122)"
146,1.460000000000001,"(56.7, 11.55, 44.528)","(35.25, -15.15, 65.34)","(0.9, -19.5, 22.99)","(35.4, 15.15, 55.176)","(31.95, 9.3, 69.696)","(1.35, -4.35, 24.2)","(-1.5, -9.9, 41.624)","(10.35, -7.65, 29.766)","(1.95, -20.55, 35.574)"
147,1.470000000000001,"(54.3, 8.1, 46.464)","(36.0, -11.85, 65.098)","(1.2, -18.3, 28.072)","(35.7, 11.55, 53.724)","(30.45, 7.95, 74.778)","(2.55, -6.45, 26.862)","(-1.35, -7.8, 44.286)","(9.15, -9.15, 26.136)","(2.4, -19.65, 35.574)"
148,1.480000000000001,"(56.4, 9.6, 46.222)","(36.0, -14.25, 64.372)","(4.35, -18.75, 32.67)","(38.25, 14.25, 61.952)","(32.25, 6.45, 69.212)","(3.75, -5.7, 26.862)","(-2.25, -8.85, 42.35)","(9.15, -8.85, 30.25)","(1.95, -19.95, 32.428)"
149,1.490000000000001,"(56.55, 9.6, 48.158)","(35.4, -13.95, 65.582)","(3.45, -18.3, 32.186)","(33.45, 18.9, 56.87)","(30.75, 7.65, 72.358)","(1.35, -6.0, 28.072)","(-1.65, -8.55, 42.108)","(8.85, -8.85, 30.008)","(1.65, -20.55, 34.364)"
150,1.500000000000001,"(56.4, 9.45, 48.884)","(35.4, -12.6, 66.066)","(2.4, -17.85, 25.41)","(35.25, 16.2, 56.628)","(25.35, 7.5, 68.97)","(1.95, -6.75, 25.652)","(-1.05, -9.15, 41.14)","(9.3, -8.85, 29.766)","(1.65, -22.2, 34.848)"
151,1.5100000000000011,"(53.55, 15.3, 43.56)","(35.85, -12.75, 63.404)","(1.95, -16.95, 28.556)","(34.8, 14.55, 54.208)","(30.15, 8.25, 70.18)","(0.9, -6.0, 26.378)","(-1.05, -9.0, 41.14)","(10.35, -8.7, 30.008)","(3.6, -20.1, 33.638)"
152,1.5200000000000011,"(57.45, 8.55, 47.432)","(34.8, -14.55, 64.856)","(4.2, -20.4, 28.556)","(36.45, 14.4, 59.774)","(31.35, 6.0, 72.358)","(1.5, -6.3, 30.25)","(-3.15, -9.0, 41.866)","(10.65, -9.75, 29.04)","(2.85, -20.25, 34.848)"
153,1.5300000000000011,"(55.8, 11.7, 46.464)","(35.4, -13.5, 62.194)","(0.9, -21.45, 33.396)","(31.05, 15.9, 61.226)","(30.75, 7.2, 68.97)","(2.25, -5.7, 27.104)","(-0.6, -9.75, 41.382)","(8.85, -8.25, 29.524)","(1.8, -21.15, 35.332)"
154,1.5400000000000011,"(56.4, 8.25, 45.012)","(36.15, -14.85, 63.646)","(4.05, -16.05, 26.862)","(33.6, 12.75, 57.112)","(32.55, 9.45, 71.39)","(2.55, -4.95, 28.314)","(-1.65, -8.1, 40.656)","(9.3, -9.75, 30.25)","(0.75, -18.75, 34.606)"
155,1.5500000000000012,"(57.3, 7.95, 46.222)","(35.1, -13.65, 64.372)","(1.05, -16.65, 26.62)","(36.15, 16.05, 59.532)","(32.25, 10.2, 70.906)","(0.45, -4.95, 27.104)","(-3.3, -7.8, 42.834)","(8.1, -8.25, 30.008)","(1.65, -19.5, 36.3)"
156,1.5600000000000012,"(56.25, 12.9, 46.464)","(36.15, -13.05, 66.066)","(2.1, -16.2, 31.944)","(36.3, 15.6, 56.628)","(30.6, 7.05, 74.052)","(2.4, -4.35, 27.83)","(-2.25, -9.0, 42.108)","(10.65, -8.25, 28.314)","(2.7, -19.95, 33.88)"
157,1.5700000000000012,"(57.3, 8.55, 49.126)","(36.15, -13.05, 65.098)","(4.8, -17.25, 32.912)","(36.0, 16.65, 58.564)","(30.6, 8.55, 71.874)","(1.35, -4.8, 27.588)","(-2.55, -9.0, 41.866)","(11.1, -7.95, 30.976)","(0.75, -19.65, 36.058)"
158,1.5800000000000012,"(55.5, 12.0, 47.19)","(35.55, -12.3, 66.066)","(4.5, -16.95, 22.748)","(35.55, 15.0, 58.806)","(32.55, 10.05, 71.39)","(1.95, -4.5, 27.83)","(-2.85, -8.55, 40.172)","(8.55, -9.3, 27.83)","(1.95, -19.8, 34.848)"
159,1.5900000000000012,"(58.05, 11.1, 44.286)","(36.3, -14.7, 66.308)","(4.05, -15.6, 28.556)","(34.8, 15.75, 58.322)","(31.65, 7.2, 68.002)","(2.1, -5.85, 25.168)","(-1.35, -7.95, 41.14)","(7.65, -8.55, 30.734)","(1.65, -19.8, 34.364)"
160,1.6000000000000012,"(58.35, 11.55, 51.546)","(36.15, -13.35, 66.792)","(2.4, -13.65, 23.958)","(36.0, 13.8, 57.354)","(28.95, 8.25, 72.358)","(2.85, -5.85, 26.862)","(-3.9, -9.0, 40.898)","(9.75, -8.1, 29.766)","(1.65, -19.65, 30.734)"
161,1.6100000000000012,"(57.9, 7.35, 44.044)","(35.55, -13.05, 64.13)","(3.3, -13.35, 25.652)","(33.0, 14.7, 57.354)","(31.2, 7.65, 73.568)","(1.65, -4.2, 25.894)","(-1.8, -9.0, 42.35)","(11.55, -8.55, 29.766)","(2.85, -19.05, 32.67)"
162,1.6200000000000012,"(57.15, 9.6, 46.706)","(35.1, -13.8, 63.888)","(3.0, -10.35, 29.04)","(34.2, 16.2, 57.838)","(32.4, 4.2, 69.696)","(2.25, -5.85, 26.862)","(-3.0, -8.25, 44.286)","(8.1, -10.05, 29.282)","(3.3, -20.25, 39.204)"
163,1.6300000000000012,"(57.75, 9.3, 47.432)","(35.4, -13.35, 64.614)","(-0.15, -19.35, 32.186)","(34.8, 17.7, 54.692)","(30.75, 5.85, 71.632)","(3.0, -6.75, 25.894)","(-3.6, -9.3, 42.834)","(8.55, -7.95, 29.04)","(2.55, -19.65, 35.09)"
164,1.6400000000000012,"(56.7, 7.8, 47.19)","(35.85, -13.65, 64.856)","(-1.65, -17.85, 28.072)","(34.95, 17.1, 54.934)","(29.7, 8.25, 76.714)","(2.25, -6.6, 25.168)","(-3.0, -9.15, 42.108)","(9.3, -7.5, 28.798)","(1.95, -20.85, 34.606)"
165,1.6500000000000012,"(58.5, 7.8, 47.674)","(35.55, -13.5, 63.888)","(4.8, -18.0, 28.798)","(33.15, 15.15, 56.144)","(31.95, 7.35, 71.632)","(2.4, -4.65, 27.588)","(-2.25, -7.8, 41.382)","(8.55, -7.8, 29.766)","(3.15, -19.2, 33.88)"
166,1.6600000000000013,"(58.65, 10.8, 50.82)","(34.95, -12.75, 65.582)","(4.35, -14.7, 35.332)","(36.15, 16.8, 58.564)","(29.7, 6.9, 73.326)","(3.3, -6.75, 25.894)","(-3.45, -10.05, 41.866)","(9.15, -9.15, 30.734)","(1.8, -20.25, 34.606)"
167,1.6700000000000013,"(58.05, 10.5, 45.98)","(35.4, -13.65, 64.856)","(3.75, -20.85, 24.684)","(35.25, 15.3, 58.08)","(30.75, 7.05, 74.778)","(3.6, -6.15, 27.588)","(-2.85, -8.1, 41.866)","(9.45, -9.0, 29.524)","(1.35, -19.8, 34.364)"
168,1.6800000000000013,"(56.7, 10.65, 47.916)","(36.6, -13.8, 63.888)","(-1.95, -13.05, 28.798)","(36.6, 15.75, 53.724)","(30.3, 7.35, 70.906)","(3.15, -5.4, 27.346)","(-2.1, -8.4, 42.108)","(8.4, -7.35, 29.04)","(0.6, -19.5, 34.848)"
169,1.6900000000000013,"(57.3, 11.85, 43.56)","(36.0, -14.4, 66.308)","(1.35, -13.95, 27.346)","(35.4, 15.0, 54.45)","(32.25, 6.6, 70.664)","(1.05, -4.05, 26.136)","(-1.05, -7.65, 43.076)","(10.8, -9.3, 29.282)","(1.2, -19.95, 34.364)"
170,1.7000000000000013,"(56.85, 4.95, 47.19)","(35.4, -13.05, 66.308)","(1.95, -20.25, 30.492)","(34.2, 14.1, 59.532)","(32.25, 9.15, 70.18)","(2.4, -6.3, 25.168)","(-2.7, -7.35, 43.318)","(9.0, -8.55, 30.976)","(1.2, -18.15, 34.606)"
171,1.7100000000000013,"(57.6, 10.2, 50.094)","(34.65, -14.1, 66.308)","(1.2, -17.55, 25.168)","(38.1, 14.55, 55.176)","(29.25, 9.0, 74.536)","(2.1, -6.75, 28.072)","(-1.5, -8.25, 41.14)","(9.9, -9.0, 29.282)","(0.75, -19.35, 34.606)"
172,1.7200000000000013,"(59.4, 7.65, 44.528)","(34.65, -13.95, 64.13)","(1.8, -17.4, 26.378)","(33.45, 14.7, 58.806)","(31.35, 8.1, 69.696)","(4.65, -6.0, 26.862)","(-1.2, -7.05, 41.624)","(8.7, -7.65, 30.25)","(3.45, -20.4, 36.058)"
173,1.7300000000000013,"(56.55, 10.5, 46.464)","(35.1, -12.75, 64.856)","(-1.8, -17.25, 24.926)","(33.9, 16.5, 63.646)","(31.05, 4.8, 73.81)","(2.1, -5.1, 26.862)","(-2.85, -8.1, 42.35)","(7.5, -10.2, 28.798)","(3.45, -20.1, 34.364)"
174,1.7400000000000013,"(57.45, 10.65, 49.61)","(36.15, -13.95, 65.824)","(1.95, -17.25, 35.09)","(34.35, 14.7, 53.966)","(30.3, 7.8, 69.696)","(1.8, -5.25, 25.168)","(-2.1, -9.3, 41.14)","(9.0, -9.15, 29.524)","(1.5, -19.65, 35.09)"
175,1.7500000000000013,"(59.25, 9.15, 39.93)","(36.0, -14.1, 62.92)","(0.45, -15.75, 23.232)","(35.7, 12.9, 55.66)","(30.3, 6.75, 69.696)","(1.65, -6.6, 25.652)","(-1.8, -7.2, 38.72)","(7.5, -9.6, 30.008)","(2.55, -19.8, 35.09)"
176,1.7600000000000013,"(56.25, 5.4, 43.56)","(35.1, -14.4, 65.098)","(3.45, -16.35, 27.588)","(33.45, 10.5, 56.628)","(31.2, 9.45, 71.632)","(1.05, -6.3, 24.926)","(-1.2, -7.8, 42.108)","(7.95, -8.85, 28.314)","(2.1, -19.95, 34.606)"
177,1.7700000000000014,"(58.35, 6.75, 47.19)","(36.45, -13.5, 64.856)","(4.95, -16.95, 30.734)","(35.4, 14.1, 66.066)","(30.6, 8.4, 71.39)","(3.75, -5.7, 24.684)","(-2.4, -8.25, 41.14)","(9.15, -7.65, 30.734)","(2.55, -18.75, 35.332)"
178,1.7800000000000014,"(57.45, 6.75, 48.642)","(35.55, -13.95, 63.646)","(2.55, -16.8, 38.478)","(33.9, 15.9, 60.742)","(29.7, 10.8, 72.6)","(1.5, -5.85, 25.41)","(-2.85, -8.25, 40.414)","(9.0, -9.15, 30.25)","(2.25, -19.95, 34.364)"
179,1.7900000000000014,"(57.75, 9.6, 43.56)","(35.1, -14.1, 64.856)","(4.65, -17.7, 20.812)","(37.2, 15.3, 55.66)","(29.4, 5.4, 72.842)","(1.95, -4.5, 25.41)","(-2.7, -8.85, 42.108)","(11.4, -9.0, 27.83)","(0.9, -20.4, 34.364)"
180,1.8000000000000014,"(57.0, 12.0, 46.948)","(35.55, -13.95, 66.066)","(2.55, -19.2, 26.862)","(33.45, 12.9, 54.692)","(33.3, 7.95, 70.906)","(1.8, -5.7, 25.652)","(-2.7, -7.8, 41.14)","(8.85, -8.7, 28.798)","(1.5, -20.1, 36.058)"
181,1.8100000000000014,"(55.05, 9.45, 47.432)","(34.5, -13.35, 64.372)","(1.8, -19.05, 29.282)","(35.85, 17.7, 57.112)","(30.15, 9.15, 67.518)","(0.45, -5.7, 27.588)","(-1.95, -8.55, 42.108)","(8.55, -8.85, 28.314)","(3.75, -19.35, 33.396)"
182,1.8200000000000014,"(57.45, 10.65, 46.464)","(34.95, -13.95, 65.824)","(3.3, -16.5, 26.378)","(36.15, 14.55, 55.176)","(30.75, 5.25, 75.746)","(2.1, -6.15, 27.346)","(-1.8, -8.4, 40.172)","(9.0, -7.95, 30.976)","(3.0, -19.8, 33.396)"
183,1.8300000000000014,"(57.75, 10.2, 45.496)","(35.25, -13.35, 66.066)","(0.9, -18.15, 29.524)","(33.15, 12.9, 60.016)","(30.9, 7.95, 68.486)","(-0.3, -5.7, 27.104)","(-1.5, -10.05, 41.14)","(9.6, -8.55, 32.67)","(2.4, -21.45, 34.848)"
184,1.8400000000000014,"(58.2, 13.65, 45.738)","(36.9, -13.95, 65.34)","(4.05, -17.7, 29.282)","(34.65, 15.15, 57.112)","(31.05, 7.35, 74.778)","(1.2, -7.2, 26.378)","(-0.9, -9.3, 41.624)","(9.3, -9.45, 29.04)","(2.25, -19.95, 33.396)"
185,1.8500000000000014,"(58.05, 8.1, 46.948)","(35.4, -13.95, 64.372)","(3.3, -18.9, 30.734)","(36.9, 15.45, 62.678)","(32.7, 8.7, 71.148)","(0.15, -6.6, 26.862)","(-1.05, -8.25, 42.592)","(10.2, -10.5, 29.766)","(2.1, -19.65, 35.332)"
186,1.8600000000000014,"(54.6, 9.75, 47.674)","(35.7, -13.35, 65.824)","(0.3, -20.55, 29.04)","(33.3, 16.05, 60.984)","(32.1, 8.25, 71.148)","(-0.15, -5.4, 23.958)","(-3.15, -8.4, 39.93)","(9.75, -9.6, 28.798)","(3.0, -21.0, 33.88)"
187,1.8700000000000014,"(59.25, 11.55, 40.414)","(34.8, -12.9, 65.824)","(2.55, -16.2, 25.652)","(37.95, 13.35, 56.87)","(29.55, 9.0, 70.906)","(2.7, -6.0, 28.072)","(-1.05, -7.8, 43.076)","(8.4, -8.7, 30.734)","(2.55, -20.55, 34.122)"
188,1.8800000000000014,"(53.55, 12.0, 46.948)","(34.95, -12.9, 65.582)","(0.6, -15.6, 33.396)","(37.5, 15.3, 60.742)","(30.6, 8.4, 76.23)","(2.7, -5.7, 26.862)","(-2.25, -8.4, 41.382)","(9.6, -9.0, 29.766)","(1.5, -21.9, 34.122)"
189,1.8900000000000015,"(58.35, 9.75, 49.126)","(35.7, -13.65, 65.34)","(1.8, -19.8, 35.574)","(31.8, 14.1, 57.838)","(31.35, 8.4, 73.326)","(2.55, -5.1, 28.072)","(-1.65, -7.95, 40.898)","(8.55, -9.3, 29.282)","(2.7, -20.1, 34.606)"
190,1.9000000000000015,"(54.9, 10.5, 53.482)","(34.8, -13.95, 64.13)","(0.6, -17.7, 25.168)","(34.35, 12.15, 52.756)","(30.6, 8.55, 70.664)","(2.4, -6.9, 24.926)","(-2.55, -9.15, 42.35)","(7.8, -8.85, 30.976)","(2.4, -19.35, 34.122)"
191,1.9100000000000015,"(57.15, 8.85, 47.916)","(35.25, -12.45, 64.372)","(5.25, -21.3, 30.976)","(37.2, 16.95, 58.564)","(28.65, 9.0, 67.76)","(1.65, -5.4, 27.83)","(-1.65, -7.95, 43.076)","(9.75, -10.5, 29.766)","(3.15, -20.25, 31.944)"
192,1.9200000000000015,"(57.9, 7.65, 43.076)","(35.1, -13.05, 64.372)","(1.35, -18.75, 30.976)","(36.15, 10.95, 59.532)","(29.85, 7.65, 70.664)","(2.25, -6.3, 28.314)","(-2.7, -8.55, 42.35)","(9.9, -10.2, 28.072)","(3.6, -19.35, 35.816)"
193,1.9300000000000015,"(57.15, 8.4, 48.642)","(35.85, -12.9, 66.308)","(1.5, -13.35, 30.492)","(38.25, 11.4, 54.934)","(30.3, 10.05, 69.454)","(0.75, -6.45, 27.346)","(-3.0, -9.45, 40.656)","(9.45, -9.15, 29.524)","(1.65, -20.1, 33.638)"
194,1.9400000000000015,"(56.25, 9.15, 53.724)","(34.8, -13.5, 66.792)","(-0.6, -22.2, 25.894)","(33.6, 14.55, 58.806)","(33.75, 8.7, 69.212)","(0.15, -4.8, 25.168)","(-1.05, -9.0, 40.898)","(9.45, -9.3, 28.798)","(2.4, -19.65, 35.332)"
195,1.9500000000000015,"(57.6, 5.25, 50.336)","(35.25, -12.9, 63.646)","(2.85, -18.45, 24.926)","(33.3, 15.75, 51.062)","(33.75, 7.65, 73.326)","(1.05, -6.3, 26.378)","(-1.95, -9.0, 42.592)","(10.35, -10.35, 30.734)","(3.6, -21.0, 34.364)"
196,1.9600000000000015,"(59.1, 5.7, 48.158)","(35.4, -12.75, 63.888)","(1.35, -14.7, 28.556)","(31.95, 13.35, 50.82)","(30.45, 9.75, 69.212)","(0.9, -4.2, 25.894)","(-3.45, -7.05, 42.834)","(9.3, -9.15, 29.766)","(2.1, -21.15, 33.638)"
197,1.9700000000000015,"(61.2, 11.7, 47.916)","(35.55, -13.35, 64.372)","(3.45, -16.35, 28.072)","(35.85, 13.35, 64.614)","(31.2, 8.55, 74.294)","(1.8, -6.3, 27.346)","(-3.3, -10.2, 39.93)","(10.35, -10.8, 28.314)","(4.2, -20.25, 33.154)"
198,1.9800000000000015,"(58.35, 9.45, 46.464)","(35.7, -15.0, 66.55)","(5.4, -18.6, 32.912)","(34.95, 15.0, 59.774)","(29.7, 7.05, 67.76)","(0.75, -6.6, 27.104)","(-3.9, -9.0, 45.012)","(10.2, -10.8, 30.976)","(2.85, -20.7, 35.332)"
199,1.9900000000000015,"(57.75, 11.55, 48.158)","(35.7, -13.35, 64.13)","(6.0, -21.3, 26.862)","(35.55, 16.05, 61.226)","(30.3, 7.35, 73.81)","(2.25, -5.1, 26.62)","(-3.0, -10.65, 41.624)","(9.15, -9.45, 30.976)","(2.25, -20.4, 35.574)"
200,2.0000000000000013,"(56.1, 9.75, 48.884)","(35.55, -15.15, 63.646)","(3.15, -10.95, 30.492)","(33.15, 18.75, 57.838)","(31.35, 8.7, 72.116)","(2.7, -6.0, 26.136)","(-2.4, -10.5, 41.866)","(9.9, -11.4, 28.556)","(3.45, -19.8, 35.816)"
201,2.010000000000001,"(55.35, 10.5, 43.56)","(34.95, -14.25, 65.34)","(0.9, -17.1, 26.862)","(35.4, 12.75, 57.112)","(31.2, 6.45, 67.76)","(1.8, -8.4, 25.168)","(-4.35, -10.2, 42.108)","(11.1, -12.15, 29.524)","(4.2, -21.45, 33.88)"
202,2.020000000000001,"(58.05, 6.75, 44.286)","(35.25, -13.8, 65.582)","(0.0, -15.6, 29.524)","(32.55, 15.0, 60.5)","(29.7, 8.4, 69.938)","(3.6, -6.6, 26.378)","(-4.35, -9.45, 42.35)","(11.7, -12.15, 32.912)","(3.45, -19.05, 35.816)"
203,2.0300000000000007,"(58.05, 6.0, 43.318)","(34.65, -13.05, 63.404)","(5.85, -16.35, 19.36)","(36.45, 17.55, 59.048)","(28.8, 9.45, 71.874)","(0.45, -6.75, 26.862)","(-3.9, -11.55, 41.866)","(8.85, -12.9, 32.67)","(4.65, -19.35, 36.058)"
204,2.0400000000000005,"(59.55, 7.5, 46.706)","(34.35, -14.1, 64.614)","(2.25, -16.05, 32.428)","(35.7, 12.75, 58.08)","(28.95, 8.85, 68.97)","(0.9, -6.0, 26.62)","(-4.05, -12.9, 45.254)","(13.8, -11.7, 32.67)","(3.3, -20.55, 35.09)"
205,2.0500000000000003,"(59.1, 9.6, 43.56)","(34.8, -12.0, 64.614)","(3.15, -20.25, 29.524)","(35.55, 15.0, 58.322)","(28.5, 7.05, 71.39)","(2.25, -6.45, 26.136)","(-5.7, -10.95, 44.77)","(10.95, -12.6, 32.912)","(4.05, -20.55, 36.058)"
206,2.06,"(58.05, 11.25, 48.642)","(34.2, -14.55, 63.888)","(0.3, -14.25, 29.282)","(34.65, 16.95, 62.92)","(31.8, 6.0, 68.728)","(-0.15, -6.0, 26.62)","(-5.7, -11.7, 44.044)","(10.35, -14.7, 34.364)","(5.55, -20.1, 35.09)"
207,2.07,"(55.65, 10.35, 45.496)","(35.25, -13.65, 64.372)","(1.2, -20.7, 32.67)","(34.95, 14.25, 62.436)","(32.1, 9.0, 71.632)","(0.9, -6.0, 28.314)","(-6.0, -10.5, 44.77)","(12.6, -16.2, 37.994)","(5.4, -19.8, 35.574)"
208,2.0799999999999996,"(57.15, 12.45, 51.788)","(35.7, -13.05, 64.856)","(2.1, -24.0, 25.168)","(34.95, 20.85, 57.354)","(30.45, 9.45, 72.358)","(1.5, -4.95, 27.588)","(-6.6, -11.1, 45.012)","(13.2, -16.05, 39.688)","(5.25, -19.5, 35.332)"
209,2.0899999999999994,"(57.15, 4.65, 52.514)","(35.55, -14.1, 66.792)","(-0.3, -16.65, 28.072)","(29.85, 15.75, 52.998)","(29.1, 6.9, 69.454)","(1.5, -7.35, 28.072)","(-6.75, -10.65, 46.464)","(13.05, -18.15, 42.108)","(4.95, -19.95, 36.784)"
210,2.099999999999999,"(58.95, 5.7, 52.756)","(35.4, -14.85, 66.066)","(0.15, -20.55, 26.136)","(36.9, 14.7, 62.92)","(30.6, 5.85, 70.664)","(-0.15, -4.65, 27.346)","(-7.8, -10.8, 47.674)","(13.5, -18.45, 45.738)","(5.1, -20.4, 37.268)"
211,2.109999999999999,"(55.05, 9.15, 47.916)","(36.0, -13.95, 65.098)","(4.05, -18.15, 30.25)","(36.9, 17.1, 54.208)","(30.75, 5.7, 70.422)","(0.0, -4.05, 26.62)","(-10.05, -8.7, 48.158)","(15.3, -18.9, 51.062)","(5.1, -18.45, 36.784)"
212,2.1199999999999988,"(53.55, 5.25, 40.898)","(34.65, -15.6, 66.308)","(-0.3, -16.65, 26.862)","(33.45, 12.0, 55.418)","(29.7, 7.5, 70.422)","(0.75, -7.35, 26.862)","(-12.0, -8.1, 50.336)","(19.5, -17.85, 61.952)","(8.1, -16.8, 36.3)"
213,2.1299999999999986,"(58.5, 10.35, 47.674)","(35.1, -13.35, 66.308)","(5.7, -19.35, 28.556)","(32.85, 14.7, 59.774)","(31.2, 4.35, 73.326)","(3.3, -5.25, 27.104)","(-13.65, -5.7, 50.094)","(22.95, -17.7, 73.568)","(5.85, -15.3, 36.542)"
214,2.1399999999999983,"(58.35, 9.45, 49.368)","(34.95, -13.65, 66.066)","(2.55, -17.55, 32.67)","(30.6, 14.85, 54.692)","(29.55, 5.55, 75.746)","(-0.45, -4.8, 28.556)","(-12.75, -1.8, 50.578)","(25.8, -7.35, 80.586)","(6.15, -15.6, 37.752)"
215,2.149999999999998,"(54.9, 9.45, 47.19)","(34.95, -13.5, 64.856)","(0.15, -18.45, 32.67)","(35.55, 14.4, 55.176)","(29.4, 4.95, 68.97)","(3.15, -5.25, 27.588)","(-12.0, 1.8, 48.4)","(31.35, 7.8, 85.184)","(6.6, -15.15, 34.606)"
216,2.159999999999998,"(55.2, 13.05, 41.14)","(34.2, -13.2, 63.888)","(3.0, -19.35, 33.396)","(36.45, 10.8, 55.66)","(30.6, 7.5, 72.116)","(3.45, -5.7, 28.556)","(-10.5, 5.1, 46.706)","(31.35, 32.1, 76.472)","(4.8, -12.3, 35.574)"
217,2.1699999999999977,"(56.4, 8.1, 47.674)","(34.2, -13.95, 66.308)","(-0.9, -16.65, 28.314)","(31.8, 14.55, 55.66)","(30.75, 6.45, 74.052)","(2.85, -5.7, 26.62)","(-4.95, 7.35, 45.496)","(24.6, 50.85, 47.432)","(2.4, -14.1, 32.67)"
218,2.1799999999999975,"(55.35, 7.2, 44.77)","(34.8, -13.8, 66.066)","(-0.3, -19.8, 32.186)","(34.5, 10.95, 58.322)","(30.15, 7.35, 72.358)","(3.0, -6.3, 29.04)","(-1.05, 8.55, 41.866)","(13.35, 57.15, 6.776)","(0.0, -11.55, 34.122)"
219,2.1899999999999973,"(60.15, 6.75, 50.336)","(33.15, -13.65, 66.792)","(-1.35, -24.0, 29.766)","(37.8, 9.75, 56.386)","(28.2, 7.35, 75.504)","(6.0, -8.4, 27.588)","(7.05, 6.3, 37.752)","(1.5, 40.65, -18.876)","(-0.45, -13.8, 31.944)"
220,2.199999999999997,"(59.85, 7.8, 47.674)","(34.05, -14.7, 66.792)","(1.8, -19.5, 30.492)","(34.65, 12.9, 60.016)","(30.6, 3.9, 73.81)","(5.85, -8.1, 27.104)","(8.55, 3.45, 37.51)","(-3.15, 14.85, -30.734)","(-1.65, -12.45, 31.944)"
221,2.209999999999997,"(56.4, 11.1, 48.4)","(33.45, -12.6, 65.098)","(-2.55, -22.8, 38.478)","(34.5, 9.9, 62.436)","(30.3, 4.65, 73.81)","(5.25, -9.0, 29.282)","(10.95, -1.2, 35.816)","(-5.4, -4.95, -23.474)","(-2.4, -16.2, 33.88)"
222,2.2199999999999966,"(58.95, 7.2, 42.108)","(32.55, -13.65, 64.13)","(-6.15, -20.4, 32.912)","(34.95, 9.15, 62.678)","(30.9, 6.0, 75.988)","(5.85, -10.35, 32.186)","(12.45, -4.95, 36.784)","(-3.3, -15.45, -12.1)","(-3.15, -17.25, 30.976)"
223,2.2299999999999964,"(56.4, 11.85, 42.108)","(34.35, -13.5, 66.55)","(0.3, -18.3, 24.926)","(34.95, 7.95, 66.792)","(29.25, 3.3, 74.294)","(7.05, -11.1, 33.396)","(12.75, -7.65, 36.542)","(0.6, -20.25, -2.42)","(-2.85, -18.0, 29.766)"
224,2.239999999999996,"(55.05, 10.05, 46.948)","(32.55, -12.45, 65.582)","(-1.2, -21.0, 34.606)","(35.85, 7.05, 61.71)","(28.65, 3.9, 80.344)","(7.35, -14.55, 37.51)","(11.55, -10.35, 37.026)","(3.3, -22.2, 6.776)","(-4.65, -17.85, 31.702)"
225,2.249999999999996,"(55.8, 8.1, 42.108)","(32.25, -13.65, 66.55)","(-7.5, -18.45, 40.172)","(36.3, 6.0, 65.098)","(28.35, 4.05, 74.052)","(7.65, -14.4, 38.962)","(12.3, -11.55, 35.332)","(5.7, -22.2, 11.858)","(-3.15, -19.95, 31.218)"
226,2.259999999999996,"(55.35, 9.45, 51.788)","(33.15, -14.1, 66.066)","(-2.7, -23.1, 37.268)","(42.45, 6.0, 73.326)","(30.45, 5.7, 78.65)","(10.5, -17.7, 44.528)","(11.85, -9.6, 37.752)","(6.3, -18.9, 15.488)","(-1.5, -18.6, 31.46)"
227,2.2699999999999956,"(56.1, 10.8, 45.98)","(32.55, -12.75, 66.792)","(-8.25, -21.45, 39.446)","(43.05, 4.35, 77.198)","(27.0, 9.0, 76.956)","(10.5, -18.3, 52.272)","(9.3, -9.9, 41.14)","(7.95, -18.9, 21.78)","(-2.7, -21.15, 31.218)"
228,2.2799999999999954,"(52.65, 13.2, 47.916)","(34.05, -12.3, 67.276)","(-7.05, -19.65, 42.592)","(47.85, 1.65, 80.102)","(24.15, 11.7, 80.344)","(14.55, -18.9, 57.838)","(10.35, -8.85, 40.656)","(8.4, -18.75, 20.812)","(-2.4, -21.45, 31.218)"
229,2.289999999999995,"(59.4, 12.0, 48.642)","(32.25, -12.15, 66.066)","(-11.55, -14.85, 42.108)","(50.1, 7.2, 90.024)","(25.8, 14.1, 78.166)","(15.9, -16.65, 72.358)","(7.65, -7.8, 40.898)","(8.7, -15.3, 23.958)","(-1.5, -22.2, 32.912)"
230,2.299999999999995,"(58.95, 10.95, 48.642)","(32.85, -12.75, 65.098)","(-8.25, -12.0, 43.56)","(51.6, 18.15, 97.042)","(25.35, 18.0, 80.344)","(20.7, -4.65, 80.344)","(5.25, -6.15, 41.14)","(8.4, -13.95, 25.41)","(-0.45, -19.95, 33.396)"
231,2.3099999999999947,"(55.5, 7.95, 42.35)","(33.0, -12.3, 65.582)","(-13.8, -9.15, 39.204)","(58.2, 30.75, 101.156)","(24.15, 21.0, 75.988)","(22.05, 13.5, 89.298)","(4.8, -5.1, 41.866)","(7.2, -14.1, 28.072)","(-0.75, -21.0, 31.944)"
232,2.3199999999999945,"(58.5, 10.8, 45.496)","(32.7, -11.55, 67.034)","(-7.8, -6.0, 41.382)","(62.55, 53.85, 92.202)","(27.0, 26.85, 72.842)","(21.9, 38.85, 79.618)","(3.0, -5.7, 40.414)","(10.05, -13.65, 24.926)","(1.05, -21.6, 33.638)"
233,2.3299999999999943,"(55.35, 8.55, 47.432)","(32.55, -11.4, 66.792)","(-7.2, -3.9, 40.656)","(52.5, 71.25, 74.778)","(28.5, 27.6, 71.874)","(14.1, 60.6, 48.158)","(1.5, -4.2, 42.35)","(10.65, -12.9, 27.104)","(2.1, -20.85, 33.396)"
234,2.339999999999994,"(54.6, 7.2, 46.948)","(34.65, -11.4, 65.34)","(-0.6, -2.85, 29.04)","(45.75, 78.15, 40.172)","(31.8, 27.15, 67.034)","(-0.6, 68.7, 6.05)","(-0.15, -3.9, 39.93)","(9.6, -13.2, 30.976)","(1.05, -21.15, 33.396)"
235,2.349999999999994,"(54.3, 10.95, 46.948)","(34.8, -11.1, 64.856)","(11.1, -11.1, 25.652)","(26.1, 14.55, 8.228)","(38.25, 17.1, 58.806)","(-18.45, 0.75, -28.798)","(-6.6, -5.7, 40.656)","(7.95, -13.05, 30.492)","(1.5, -20.25, 34.606)"
236,2.3599999999999937,"(56.85, 10.65, 47.674)","(33.9, -12.0, 67.518)","(14.1, -12.6, 30.976)","(27.6, 3.15, 15.488)","(39.6, 12.45, 59.774)","(-16.05, -11.85, -19.118)","(-8.25, -8.55, 39.204)","(9.9, -13.35, 30.976)","(2.4, -19.95, 32.428)"
237,2.3699999999999934,"(54.6, 10.95, 43.56)","(34.5, -12.15, 64.614)","(9.15, -15.3, 27.588)","(36.0, -2.4, 32.912)","(40.5, 7.8, 59.774)","(-12.45, -18.9, -7.744)","(-9.3, -8.55, 37.994)","(10.05, -13.8, 31.218)","(3.6, -20.85, 33.396)"
238,2.3799999999999932,"(63.3, 12.45, 47.916)","(34.95, -13.05, 64.13)","(6.9, -19.65, 21.538)","(32.4, -8.25, 34.848)","(40.05, 4.5, 64.372)","(-10.35, -19.35, 1.694)","(-9.6, -9.75, 43.076)","(8.4, -16.05, 36.784)","(4.8, -20.55, 34.848)"
239,2.389999999999993,"(55.5, 7.2, 50.82)","(36.15, -12.45, 65.098)","(3.15, -17.85, 25.168)","(35.4, -6.75, 46.222)","(39.9, 3.3, 65.098)","(-7.8, -19.65, 8.954)","(-10.35, -10.2, 41.382)","(9.75, -16.05, 35.09)","(3.6, -21.15, 34.122)"
240,2.399999999999993,"(59.25, 9.75, 43.076)","(35.1, -11.4, 63.888)","(3.3, -21.0, 20.328)","(40.35, -7.05, 51.546)","(39.75, 2.4, 64.13)","(-4.2, -18.3, 10.648)","(-10.2, -9.9, 44.528)","(9.3, -16.8, 39.93)","(2.7, -21.75, 36.542)"
241,2.4099999999999926,"(58.5, 9.0, 47.432)","(35.85, -12.9, 65.824)","(-0.15, -26.25, 31.702)","(40.05, -4.8, 56.628)","(38.1, 2.55, 66.066)","(-3.3, -19.35, 16.698)","(-11.1, -11.1, 42.108)","(11.55, -17.85, 41.624)","(4.2, -19.95, 36.542)"
242,2.4199999999999924,"(59.25, 7.5, 45.738)","(36.45, -12.3, 65.098)","(0.15, -18.3, 28.556)","(45.75, -11.25, 66.066)","(36.3, 0.3, 68.244)","(-2.1, -14.4, 16.214)","(-13.8, -8.55, 44.528)","(13.35, -19.8, 46.222)","(5.85, -19.95, 34.364)"
243,2.429999999999992,"(57.9, 5.1, 53.482)","(35.55, -11.85, 65.098)","(-3.3, -20.4, 36.542)","(44.1, -8.85, 78.408)","(36.15, 3.9, 66.308)","(-2.4, -14.25, 19.118)","(-13.5, -8.1, 46.464)","(15.0, -19.8, 52.514)","(5.85, -19.05, 33.88)"
244,2.439999999999992,"(57.3, 6.9, 45.496)","(35.85, -12.6, 66.308)","(-8.4, -19.05, 36.3)","(48.15, -1.65, 87.846)","(38.25, 1.8, 68.97)","(-2.1, -12.45, 18.15)","(-13.2, -6.9, 45.98)","(17.1, -19.5, 59.532)","(5.55, -18.75, 33.88)"
245,2.4499999999999917,"(57.15, 8.25, 46.706)","(34.8, -12.75, 65.582)","(-6.45, -15.75, 40.898)","(55.5, 0.9, 96.8)","(35.85, 6.15, 70.18)","(-0.15, -10.2, 19.844)","(-15.9, -7.35, 45.012)","(20.4, -14.1, 64.614)","(5.1, -15.9, 38.478)"
246,2.4599999999999915,"(54.45, 10.05, 45.496)","(37.05, -12.15, 64.856)","(-9.75, -13.2, 34.606)","(56.85, 5.4, 105.512)","(37.8, 6.75, 69.938)","(1.05, -10.05, 23.474)","(-13.8, -3.75, 45.738)","(24.15, -9.3, 74.536)","(4.8, -17.1, 35.816)"
247,2.4699999999999913,"(56.1, 9.45, 48.158)","(35.85, -12.3, 66.308)","(-10.05, -12.6, 42.35)","(57.75, 13.35, 111.32)","(37.05, 6.45, 70.906)","(-0.15, -10.05, 25.41)","(-15.45, -2.1, 45.012)","(26.1, 1.35, 78.65)","(5.25, -16.95, 34.606)"
248,2.479999999999991,"(60.6, 9.45, 50.82)","(36.45, -12.15, 68.002)","(-12.0, -4.8, 34.606)","(54.15, 29.55, 115.918)","(34.2, 4.5, 68.97)","(1.65, -8.4, 22.748)","(-12.0, 2.4, 41.866)","(28.35, 16.05, 79.86)","(4.8, -15.3, 35.574)"
249,2.489999999999991,"(59.7, 15.0, 45.254)","(36.6, -12.75, 65.824)","(-3.3, -4.2, 37.994)","(55.2, 54.0, 112.53)","(33.15, 8.85, 74.052)","(0.75, -6.75, 24.442)","(-10.65, 3.3, 40.898)","(25.8, 32.25, 72.116)","(3.3, -14.85, 35.09)"
250,2.4999999999999907,"(57.6, 10.95, 46.948)","(38.7, -13.2, 65.098)","(12.3, -4.65, 10.89)","(13.35, 55.8, 5.808)","(28.8, 8.4, 67.034)","(1.8, -7.2, 24.926)","(2.55, 0.75, 32.186)","(-3.0, 27.45, -15.246)","(-0.9, -15.75, 30.492)"
251,2.5099999999999905,"(57.0, 7.5, 48.158)","(37.8, -14.1, 66.066)","(15.75, -8.25, 20.57)","(11.7, 46.2, 2.662)","(28.05, 9.9, 69.696)","(2.1, -6.0, 25.41)","(4.5, 0.15, 32.67)","(-4.5, 12.9, -21.054)","(-0.15, -16.2, 32.428)"
252,2.5199999999999902,"(56.4, 8.55, 47.432)","(38.4, -12.45, 64.372)","(18.0, -7.2, 13.31)","(11.55, 24.45, 3.63)","(29.1, 11.1, 64.614)","(1.95, -5.7, 24.442)","(5.4, -2.4, 31.46)","(-7.5, 4.35, -14.278)","(-1.5, -16.65, 31.218)"
253,2.52999999999999,"(60.3, 8.85, 44.044)","(37.95, -12.9, 61.952)","(19.95, -12.3, 16.94)","(12.45, 17.1, 10.89)","(29.1, 9.75, 67.276)","(2.4, -5.85, 23.958)","(5.4, -3.9, 30.734)","(-5.55, -5.55, -14.52)","(-1.8, -16.65, 32.186)"
254,2.53999999999999,"(58.35, 11.85, 48.4)","(37.35, -13.2, 63.162)","(15.15, -12.75, 29.04)","(16.35, 9.6, 11.132)","(28.5, 9.3, 72.116)","(3.15, -6.3, 24.684)","(7.35, -4.2, 31.944)","(-4.8, -9.3, -9.196)","(-4.95, -17.1, 31.702)"
255,2.5499999999999896,"(57.0, 6.9, 46.464)","(37.8, -14.1, 64.372)","(13.5, -12.6, 14.762)","(16.2, 2.1, 18.15)","(29.1, 7.8, 64.13)","(3.3, -7.35, 24.2)","(5.55, -5.55, 32.67)","(-3.75, -15.0, -5.324)","(-1.65, -17.4, 29.04)"
256,2.5599999999999894,"(57.0, 7.5, 46.948)","(37.5, -13.65, 64.614)","(16.2, -19.65, 18.634)","(20.4, 1.2, 28.314)","(25.8, 6.6, 66.066)","(3.15, -6.15, 23.958)","(5.85, -7.8, 30.976)","(-2.25, -16.5, 0.484)","(-1.8, -19.05, 30.734)"
257,2.569999999999989,"(58.95, 7.65, 45.496)","(38.1, -13.5, 66.066)","(14.85, -19.2, 17.182)","(23.55, 2.7, 29.282)","(27.3, 10.35, 66.792)","(2.25, -5.7, 23.716)","(6.15, -8.25, 31.702)","(0.0, -17.1, 1.21)","(-2.85, -15.9, 28.314)"
258,2.579999999999989,"(58.35, 6.0, 46.706)","(38.85, -13.95, 63.162)","(10.95, -22.65, 18.876)","(26.4, -3.6, 30.976)","(24.45, 6.6, 69.454)","(2.85, -6.3, 22.506)","(5.4, -10.2, 32.912)","(-0.15, -19.5, 7.744)","(-3.15, -18.75, 30.734)"
259,2.5899999999999888,"(58.05, 7.65, 44.044)","(37.65, -14.55, 65.098)","(12.15, -17.55, 20.086)","(28.05, -3.3, 32.67)","(25.8, 6.9, 67.76)","(3.45, -5.1, 24.684)","(5.55, -9.9, 33.88)","(1.8, -19.95, 9.196)","(0.0, -17.4, 31.944)"
260,2.5999999999999885,"(59.55, 10.95, 49.61)","(36.9, -14.85, 65.824)","(13.5, -23.4, 28.556)","(24.0, 1.05, 43.802)","(27.15, 6.15, 70.18)","(3.45, -7.2, 26.378)","(5.25, -11.25, 34.364)","(2.7, -18.15, 12.342)","(-2.7, -20.25, 32.186)"
261,2.6099999999999883,"(55.2, 12.75, 42.35)","(37.8, -14.25, 64.614)","(9.45, -26.1, 10.406)","(30.75, 1.35, 45.496)","(28.35, 4.95, 70.906)","(1.65, -5.7, 25.41)","(3.75, -11.1, 37.51)","(2.55, -18.45, 14.278)","(-1.2, -20.25, 28.798)"
262,2.619999999999988,"(58.95, 7.8, 48.884)","(38.25, -15.75, 62.92)","(13.35, -22.95, 23.716)","(30.6, 3.6, 44.77)","(27.15, 6.15, 67.034)","(2.85, -6.15, 23.716)","(4.95, -11.25, 35.332)","(3.75, -19.2, 17.666)","(-1.8, -21.3, 33.88)"
263,2.629999999999988,"(58.35, 9.9, 47.432)","(38.7, -15.6, 65.34)","(9.0, -25.35, 23.232)","(33.9, 3.45, 45.012)","(26.25, 3.45, 68.486)","(3.3, -7.05, 25.894)","(2.4, -13.2, 37.268)","(5.4, -17.7, 18.15)","(-1.8, -20.4, 31.944)"
264,2.6399999999999877,"(56.1, 9.45, 45.496)","(39.45, -15.6, 64.372)","(7.2, -23.7, 19.602)","(32.85, 3.9, 53.966)","(30.0, 3.75, 69.938)","(3.15, -7.35, 25.652)","(3.9, -10.5, 38.478)","(7.35, -16.5, 18.634)","(-0.3, -23.85, 31.702)"
265,2.6499999999999875,"(57.75, 7.65, 47.432)","(38.25, -15.45, 65.34)","(8.1, -23.4, 30.976)","(35.85, 3.0, 51.062)","(27.3, 6.3, 63.162)","(2.55, -7.5, 23.958)","(1.35, -12.9, 37.752)","(6.15, -16.2, 24.684)","(-2.4, -22.8, 28.556)"
266,2.6599999999999873,"(58.35, 7.35, 44.044)","(36.75, -15.45, 64.856)","(12.3, -23.25, 26.862)","(33.3, 7.95, 49.126)","(30.45, 3.9, 70.664)","(3.0, -8.25, 22.506)","(0.6, -11.25, 37.51)","(7.35, -15.3, 24.684)","(1.05, -22.8, 29.524)"
267,2.669999999999987,"(59.7, 8.4, 47.19)","(37.5, -15.6, 65.34)","(4.05, -21.0, 27.104)","(36.75, 5.85, 51.788)","(27.3, 4.8, 68.486)","(3.45, -7.35, 26.136)","(-0.15, -12.9, 38.478)","(9.3, -13.65, 23.958)","(-0.75, -22.5, 34.122)"
268,2.679999999999987,"(57.45, 8.25, 46.222)","(36.6, -15.9, 66.55)","(3.75, -22.95, 26.136)","(32.55, 6.45, 58.806)","(28.95, 4.5, 68.486)","(2.85, -8.55, 25.168)","(-0.75, -12.15, 39.446)","(5.85, -13.05, 26.862)","(-0.75, -21.15, 32.428)"
269,2.6899999999999866,"(55.8, 7.5, 44.044)","(36.9, -15.45, 65.34)","(5.25, -19.8, 30.008)","(33.45, 5.4, 50.82)","(30.75, 6.75, 70.664)","(3.3, -8.85, 24.2)","(0.0, -11.7, 37.752)","(9.75, -12.75, 26.378)","(1.2, -21.75, 33.154)"
270,2.6999999999999864,"(60.45, 10.95, 51.546)","(36.75, -15.45, 64.856)","(6.6, -22.95, 24.442)","(35.7, 9.6, 54.208)","(29.25, 5.85, 74.294)","(2.25, -9.75, 26.862)","(0.45, -10.2, 40.414)","(10.05, -13.8, 26.62)","(0.75, -22.65, 33.638)"
271,2.709999999999986,"(55.05, 7.05, 53.482)","(36.9, -15.75, 64.856)","(6.6, -21.15, 26.378)","(31.95, 9.9, 57.838)","(30.45, 5.1, 71.39)","(2.7, -6.9, 24.2)","(-0.3, -11.85, 40.414)","(8.85, -13.5, 26.378)","(0.9, -21.0, 33.396)"
272,2.719999999999986,"(56.1, 8.25, 44.528)","(37.2, -15.9, 66.55)","(3.45, -20.1, 21.538)","(35.4, 10.95, 59.532)","(30.0, 2.7, 69.938)","(3.45, -7.65, 25.652)","(-0.45, -10.95, 39.446)","(8.4, -12.9, 26.862)","(1.05, -21.15, 31.218)"
273,2.7299999999999858,"(59.25, 10.65, 45.738)","(36.3, -16.05, 65.582)","(6.0, -24.15, 24.926)","(38.55, 11.4, 58.564)","(29.55, 4.35, 71.148)","(2.85, -8.4, 24.684)","(0.3, -11.25, 38.962)","(6.9, -12.9, 26.862)","(0.75, -22.8, 32.912)"
274,2.7399999999999856,"(57.45, 8.1, 47.674)","(38.25, -16.5, 66.066)","(-2.25, -20.55, 29.04)","(35.55, 9.0, 56.386)","(32.4, 2.55, 66.066)","(2.85, -9.0, 27.104)","(-2.55, -12.3, 40.172)","(8.7, -12.0, 27.588)","(0.15, -22.65, 30.492)"
275,2.7499999999999853,"(58.35, 9.6, 50.578)","(36.45, -16.65, 67.276)","(3.6, -19.65, 30.976)","(37.2, 10.2, 57.112)","(30.15, 4.05, 70.906)","(2.7, -8.4, 24.684)","(-0.45, -10.05, 40.656)","(9.9, -12.0, 28.798)","(-1.2, -23.1, 33.638)"
276,2.759999999999985,"(59.7, 9.3, 51.546)","(36.15, -17.55, 66.066)","(1.95, -18.3, 33.88)","(31.35, 9.45, 60.258)","(30.9, 4.8, 69.454)","(3.0, -9.6, 25.894)","(-1.95, -10.5, 38.478)","(8.7, -10.8, 26.862)","(0.45, -22.05, 32.912)"
277,2.769999999999985,"(53.7, 7.05, 45.98)","(36.75, -16.2, 64.856)","(4.95, -20.55, 28.798)","(34.05, 13.5, 54.934)","(30.75, 4.65, 73.568)","(4.2, -8.25, 27.346)","(-1.5, -11.25, 40.414)","(8.85, -11.4, 30.25)","(0.45, -22.65, 32.67)"
278,2.7799999999999847,"(58.95, 7.5, 47.916)","(36.75, -16.95, 64.372)","(1.2, -23.1, 30.734)","(32.4, 11.7, 56.628)","(31.05, 5.1, 73.326)","(2.4, -8.85, 26.136)","(-0.3, -11.4, 37.994)","(9.6, -13.2, 26.62)","(0.15, -21.9, 31.46)"
279,2.7899999999999845,"(55.35, 6.6, 48.4)","(36.45, -17.1, 66.308)","(6.45, -17.55, 32.186)","(36.15, 11.25, 57.112)","(31.05, 5.7, 74.294)","(1.5, -8.7, 25.652)","(-1.8, -10.65, 38.72)","(10.2, -10.8, 28.072)","(1.65, -22.95, 35.332)"
280,2.7999999999999843,"(57.0, 9.75, 52.514)","(36.3, -16.2, 66.55)","(2.4, -22.35, 30.492)","(31.2, 9.0, 57.112)","(30.45, 5.55, 67.76)","(2.25, -10.05, 24.442)","(0.15, -11.55, 39.446)","(8.1, -11.7, 30.976)","(2.1, -21.15, 33.154)"
281,2.809999999999984,"(59.85, 9.3, 45.012)","(36.75, -16.5, 64.856)","(4.65, -17.4, 32.428)","(37.05, 9.9, 61.226)","(33.45, 4.95, 74.778)","(3.0, -8.25, 25.41)","(-0.75, -11.7, 40.656)","(9.75, -12.15, 27.588)","(1.2, -24.15, 33.396)"
282,2.819999999999984,"(56.25, 3.45, 47.674)","(35.7, -16.2, 65.582)","(4.65, -24.0, 22.99)","(36.75, 13.8, 54.934)","(28.5, 3.0, 68.486)","(3.0, -7.65, 25.41)","(-1.35, -12.15, 40.656)","(8.85, -10.8, 27.83)","(1.95, -21.6, 32.67)"
283,2.8299999999999836,"(59.4, 8.25, 52.514)","(36.45, -15.0, 64.856)","(7.35, -20.25, 28.556)","(33.3, 16.35, 54.692)","(33.75, 3.15, 71.632)","(3.0, -8.4, 23.716)","(1.05, -12.75, 41.866)","(9.0, -10.35, 28.798)","(1.8, -21.3, 30.734)"
284,2.8399999999999834,"(56.55, 3.45, 45.98)","(36.15, -16.95, 65.824)","(0.45, -19.2, 27.346)","(35.55, 12.6, 60.5)","(33.3, 6.0, 67.518)","(1.65, -8.85, 27.346)","(-1.2, -11.4, 41.14)","(9.45, -10.2, 27.104)","(0.45, -22.8, 34.122)"
285,2.849999999999983,"(55.35, 6.3, 54.208)","(34.95, -16.35, 66.792)","(6.0, -23.7, 21.78)","(33.45, 9.15, 58.322)","(30.75, 6.45, 74.052)","(2.25, -9.0, 25.652)","(-0.75, -11.1, 41.624)","(9.15, -10.65, 28.798)","(1.8, -21.45, 33.154)"
286,2.859999999999983,"(57.6, 8.25, 45.738)","(35.7, -16.8, 64.856)","(3.6, -18.0, 33.154)","(35.85, 14.1, 58.806)","(31.05, 5.55, 68.728)","(2.1, -7.95, 23.232)","(0.0, -10.65, 39.204)","(9.3, -12.9, 27.83)","(2.25, -21.6, 33.88)"
287,2.869999999999983,"(57.45, 5.85, 45.012)","(35.25, -15.9, 64.856)","(1.8, -22.8, 30.492)","(36.15, 11.85, 61.468)","(33.6, 6.15, 71.874)","(3.15, -8.1, 25.894)","(-1.35, -10.2, 39.446)","(10.5, -10.65, 29.04)","(1.95, -21.3, 35.09)"
288,2.8799999999999826,"(56.4, 4.95, 50.82)","(34.8, -15.9, 65.582)","(0.45, -19.65, 30.492)","(35.25, 9.6, 57.596)","(28.5, 5.85, 73.084)","(3.0, -7.95, 27.104)","(-1.65, -9.6, 39.93)","(9.3, -11.4, 28.798)","(1.2, -23.7, 34.364)"
289,2.8899999999999824,"(55.95, 9.3, 50.578)","(35.85, -16.95, 65.098)","(1.05, -17.4, 24.2)","(36.75, 8.55, 56.628)","(30.6, 4.95, 71.874)","(3.15, -7.95, 25.652)","(-0.9, -9.15, 40.172)","(10.05, -9.75, 28.072)","(2.85, -21.6, 33.88)"
290,2.899999999999982,"(56.25, 9.15, 46.706)","(36.9, -15.75, 62.92)","(6.75, -20.7, 31.46)","(34.65, 8.55, 61.226)","(30.15, 3.45, 72.842)","(4.2, -9.15, 25.652)","(-2.1, -11.1, 40.656)","(11.4, -11.85, 29.524)","(2.7, -22.2, 35.09)"
291,2.909999999999982,"(55.2, 8.4, 45.254)","(35.1, -16.95, 67.276)","(4.5, -21.9, 29.766)","(34.65, 12.6, 58.322)","(31.95, 2.85, 70.664)","(3.3, -7.95, 24.926)","(-1.35, -10.2, 41.382)","(9.3, -10.8, 30.492)","(3.0, -21.6, 31.218)"
292,2.9199999999999817,"(58.65, 6.15, 43.802)","(35.55, -16.5, 64.13)","(-2.25, -15.6, 29.04)","(31.35, 11.85, 55.902)","(30.75, 5.1, 71.39)","(2.25, -9.75, 23.958)","(-1.5, -12.45, 41.624)","(9.3, -10.8, 27.588)","(2.25, -23.25, 32.428)"
293,2.9299999999999815,"(59.4, 4.8, 45.012)","(35.85, -16.2, 66.792)","(4.95, -20.55, 37.026)","(37.8, 12.0, 59.774)","(30.6, 5.7, 71.874)","(2.7, -10.05, 26.136)","(-2.25, -12.0, 40.414)","(9.6, -12.6, 28.072)","(2.1, -22.8, 34.122)"
294,2.9399999999999813,"(56.25, 6.0, 48.158)","(34.5, -16.05, 65.582)","(0.6, -20.1, 23.958)","(36.0, 13.5, 57.354)","(29.55, 5.25, 68.728)","(2.85, -9.3, 26.378)","(-0.9, -10.05, 40.414)","(10.2, -11.1, 29.04)","(2.4, -21.75, 31.944)"
295,2.949999999999981,"(57.75, 7.05, 44.286)","(35.85, -16.35, 64.614)","(3.0, -19.35, 32.67)","(32.7, 11.85, 59.774)","(30.45, 3.45, 71.148)","(4.35, -7.95, 27.83)","(-1.05, -11.1, 42.108)","(11.1, -11.55, 29.766)","(3.15, -22.95, 34.606)"
296,2.959999999999981,"(59.7, 5.4, 46.464)","(35.55, -17.4, 64.856)","(7.65, -19.05, 29.524)","(36.15, 12.0, 59.532)","(29.55, 4.8, 73.326)","(3.9, -7.5, 27.104)","(-2.1, -11.85, 41.382)","(9.15, -9.6, 28.798)","(3.3, -23.1, 34.122)"
297,2.9699999999999807,"(55.35, 4.8, 42.35)","(35.4, -16.95, 65.824)","(7.05, -21.45, 28.072)","(34.95, 10.2, 57.354)","(32.4, 5.25, 70.18)","(3.9, -9.3, 26.62)","(-2.4, -12.15, 41.382)","(9.9, -10.95, 29.524)","(3.3, -23.55, 33.396)"
298,2.9799999999999804,"(56.4, 6.0, 50.094)","(34.05, -16.2, 64.856)","(-1.65, -23.25, 31.944)","(37.65, 14.4, 54.692)","(30.45, 4.95, 71.632)","(1.2, -10.65, 25.652)","(-0.9, -11.25, 41.866)","(11.4, -11.85, 30.976)","(2.55, -22.5, 34.122)"
299,2.9899999999999802,"(55.8, 8.25, 50.094)","(35.7, -16.95, 65.098)","(2.25, -20.4, 35.816)","(37.65, 13.05, 58.322)","(30.6, 4.35, 73.084)","(2.4, -9.75, 26.378)","(0.15, -11.1, 41.382)","(9.15, -11.7, 28.556)","(2.55, -24.0, 33.638)"
300,2.99999999999998,"(59.25, 4.35, 50.094)","(34.35, -16.5, 65.34)","(2.25, -18.9, 31.702)","(35.85, 9.75, 54.45)","(30.45, 2.25, 73.81)","(4.05, -9.9, 27.346)","(-0.6, -11.7, 41.866)","(11.25, -11.1, 27.83)","(3.3, -23.55, 35.332)"
301,3.00999999999998,"(59.85, 3.6, 49.61)","(34.5, -17.1, 67.276)","(0.6, -22.65, 27.346)","(36.6, 9.15, 59.048)","(33.15, 3.6, 68.728)","(3.6, -9.45, 24.442)","(-1.65, -11.1, 41.14)","(10.65, -10.65, 29.04)","(4.2, -24.15, 35.332)"
302,3.0199999999999796,"(56.7, 8.25, 45.738)","(35.1, -17.25, 67.276)","(-1.35, -19.8, 37.026)","(33.0, 9.45, 54.934)","(31.8, 5.7, 71.39)","(3.45, -8.7, 24.442)","(-0.75, -12.45, 40.172)","(10.35, -11.85, 28.556)","(2.4, -22.5, 32.912)"
303,3.0299999999999794,"(57.9, 6.0, 51.546)","(35.25, -17.4, 66.308)","(2.1, -22.65, 29.04)","(35.25, 12.75, 59.774)","(29.55, 6.45, 72.358)","(3.3, -9.75, 26.378)","(-1.35, -12.3, 40.414)","(11.4, -12.3, 28.314)","(3.3, -22.65, 34.122)"
304,3.039999999999979,"(58.65, 3.6, 41.866)","(34.95, -16.35, 63.646)","(3.0, -21.75, 26.378)","(36.9, 12.9, 57.354)","(29.7, 3.15, 70.906)","(3.15, -10.5, 25.652)","(-1.5, -12.0, 40.656)","(9.75, -10.95, 29.04)","(3.75, -23.1, 34.606)"
305,3.049999999999979,"(56.85, 6.9, 43.56)","(34.95, -16.5, 65.582)","(3.75, -24.6, 24.2)","(38.1, 10.5, 59.774)","(28.65, 3.75, 75.504)","(1.5, -10.95, 25.168)","(-2.55, -12.45, 43.076)","(8.4, -12.45, 31.702)","(3.0, -22.65, 33.396)"
306,3.0599999999999787,"(53.25, 9.0, 49.368)","(35.25, -17.4, 65.34)","(3.3, -18.9, 29.282)","(36.6, 8.25, 58.806)","(31.5, 1.8, 70.664)","(1.5, -11.7, 25.652)","(-0.75, -12.15, 42.592)","(9.45, -13.5, 26.62)","(3.0, -24.9, 35.332)"
307,3.0699999999999785,"(59.7, 6.15, 51.062)","(34.8, -16.65, 65.582)","(4.8, -21.45, 28.314)","(35.4, 11.4, 59.774)","(33.0, 4.05, 72.116)","(4.05, -10.35, 27.588)","(-1.5, -12.0, 41.382)","(10.2, -12.0, 28.798)","(2.7, -23.55, 36.058)"
308,3.0799999999999783,"(58.2, 7.65, 50.82)","(35.1, -16.35, 66.308)","(2.4, -19.8, 34.122)","(37.05, 9.75, 58.322)","(31.95, 3.45, 71.874)","(3.0, -10.2, 26.62)","(-1.35, -11.85, 41.866)","(9.45, -10.5, 27.346)","(3.75, -24.0, 33.396)"
309,3.089999999999978,"(55.05, 6.15, 47.916)","(33.75, -16.65, 66.066)","(-1.95, -18.6, 32.912)","(37.5, 10.5, 56.628)","(32.4, 3.6, 69.938)","(4.35, -9.75, 26.136)","(-1.5, -12.45, 41.382)","(11.1, -12.9, 29.766)","(2.7, -22.5, 35.332)"
310,3.099999999999978,"(57.45, 7.35, 52.272)","(34.05, -17.7, 66.308)","(0.75, -21.3, 33.88)","(37.05, 10.65, 51.546)","(29.7, 5.4, 70.422)","(2.25, -11.1, 26.378)","(0.15, -11.85, 39.446)","(9.6, -11.7, 29.04)","(0.75, -23.85, 30.492)"
311,3.1099999999999777,"(56.4, 5.7, 47.19)","(35.4, -17.55, 65.824)","(-1.2, -19.8, 28.798)","(36.6, 11.25, 56.144)","(33.15, 3.9, 73.81)","(3.0, -10.8, 27.104)","(-1.05, -13.95, 40.656)","(9.45, -13.05, 29.282)","(1.65, -21.6, 35.816)"
312,3.1199999999999775,"(58.65, 8.7, 45.254)","(35.25, -18.45, 64.614)","(0.45, -24.15, 31.218)","(34.35, 12.0, 58.806)","(30.75, 4.05, 72.6)","(2.85, -9.45, 27.104)","(-0.75, -13.35, 40.414)","(10.5, -11.7, 28.072)","(2.85, -22.95, 34.122)"
313,3.1299999999999772,"(52.65, 9.9, 50.82)","(34.5, -18.0, 64.13)","(7.05, -21.75, 29.04)","(35.55, 8.85, 55.66)","(30.45, 4.2, 72.358)","(2.55, -10.35, 27.588)","(-1.5, -12.0, 41.866)","(9.6, -12.15, 30.734)","(4.5, -24.3, 33.638)"
314,3.139999999999977,"(56.4, 5.7, 49.126)","(35.4, -17.55, 67.034)","(3.3, -19.95, 28.314)","(31.35, 8.85, 55.66)","(29.85, 4.05, 71.874)","(3.0, -9.3, 27.346)","(-1.65, -11.85, 41.382)","(10.35, -12.15, 29.524)","(2.85, -22.5, 33.396)"
